<?xml version = '1.0' encoding = 'UTF-8'?>
<outputFile>
<header>
<runtype>MergeTree</runtype>
<inflation>0.122187</inflation>
<burnin>10000</burnin>
<datafilename>./chordo_M5n5/again/populations.haps_chunks.out</datafilename>
<mcmcfilename>./chordo_M5n5/again/populations.haps_chunks.mcmc.xml</mcmcfilename>
<copymodel>1</copymodel>
</header>
<comment>Command line: ./finestructure -m T -x 10000 ./chordo_M5n5/again/populations.haps_chunks.out ./chordo_M5n5/again/populations.haps_chunks.mcmc.xml ./chordo_M5n5/again/populations.haps_chunks.mcmcTree.xml 
Version: finestructure build date May 12 2022 at 10:13:15
Seed: 5635249485022735500</comment>
<Iteration>
<Pop>(XBF,HMM)(L1S,NOU,FMW,MP_04,CH116,DGL,MPW,XCL,BLM,JPG,MCCH_02,MMN,FLAC,CH413,LOG,ALV,CFHF_01,NAS,AVX,CAS,KTV,WAV,GIW,BDSN,DVD)</Pop>
<Posterior>-1349846.0824731567408889532089233</Posterior>
<K>2</K>
<alpha>1</alpha>
<beta>144.801</beta>
<delta>0.00758634</delta>
<F>0.00712058</F>
<AccSAMS>0</AccSAMS>
<AccMS>0</AccMS>
<AccIndiv>0</AccIndiv>
<AccHyper>0</AccHyper>
<Number>0</Number>
</Iteration>
<Tree>((HMM:1.000000e-05,XBF:1.000000e-05)0.465:1.000230e+00,(DVD:2.400000e-04,(BDSN:2.300000e-04,(GIW:2.200000e-04,((KTV:2.000000e-04,(CAS:1.900000e-04,(AVX:1.800000e-04,((CFHF_01:1.600000e-04,(ALV:1.500000e-04,((CH413:1.300000e-04,(FLAC:1.200000e-04,(((JPG:9.000000e-05,(BLM:8.000000e-05,(((DGL:5.000000e-05,(CH116:4.000000e-05,((FMW:2.000000e-05,(L1S:1.000000e-05,NOU:1.000000e-05):1.000000e-05):1.000000e-05,MP_04:3.000000e-05):1.000000e-05):1.000000e-05):1.000000e-05,MPW:6.000000e-05):1.000000e-05,XCL:7.000000e-05):1.000000e-05):1.000000e-05):1.000000e-05,MCCH_02:1.000000e-04):1.000000e-05,MMN:1.100000e-04):1.000000e-05):1.000000e-05):1.000000e-05,LOG:1.400000e-04):1.000000e-05):1.000000e-05):1.000000e-05,NAS:1.700000e-04):1.000000e-05):1.000000e-05):1.000000e-05):1.000000e-05,WAV:2.100000e-04):1.000000e-05):1.000000e-05):1.000000e-05)0.465:1.000000e+00):0.000000e+00;</Tree>
</outputFile>
