<?xml version = '1.0' encoding = 'UTF-8'?>
<outputFile>
<header>
<runtype>MCMC</runtype>
<inflation>0.122187</inflation>
<burnin>100000</burnin>
<mcmclength>100000</mcmclength>
<skip>1000</skip>
<datafilename>./chordo_M5n5/again/populations.haps_chunks.out</datafilename>
<copymodel>1</copymodel>
</header>
<comment>Command line: ./finestructure -x 100000 -y 100000 -z 1000 ./chordo_M5n5/again/populations.haps_chunks.out ./chordo_M5n5/again/populations.haps_chunks.mcmc.xml 
Version: finestructure build date May 12 2022 at 10:13:15
Seed: 5095711315581218934</comment>
<Iteration>
<Pop>(FMW)(HMM,ALV,KTV,CAS,NAS,XCL,LOG,CH413,XBF,MPW,BLM,DGL,NOU,AVX,FLAC,CH116,L1S,JPG,CFHF_01,DVD,GIW,BDSN,MCCH_02,WAV,MMN,MP_04)</Pop>
<Posterior>-1349851.4308980968780815601348877</Posterior>
<K>2</K>
<alpha>1</alpha>
<beta>2960.69</beta>
<delta>0.00924549</delta>
<F>0.000350626</F>
<AccSAMS>0</AccSAMS>
<AccMS>0</AccMS>
<AccIndiv>0</AccIndiv>
<AccHyper>0</AccHyper>
<Number>0</Number>
</Iteration>
<Iteration>
<Pop>(AVX,NAS,BDSN,LOG,L1S,DVD,CFHF_01,WAV,JPG,ALV,CAS,KTV,MCCH_02,GIW,BLM,FLAC,XCL,MMN,NOU,FMW,CH116,MPW,MP_04,CH413,DGL)(XBF,HMM)</Pop>
<Posterior>-1349845.0959669074509292840957642</Posterior>
<K>2</K>
<alpha>1</alpha>
<beta>456.871</beta>
<delta>0.0101391</delta>
<F>0.00226783</F>
<AccSAMS>0.0607903</AccSAMS>
<AccMS>0.106452</AccMS>
<AccIndiv>0.00993377</AccIndiv>
<AccHyper>0.65</AccHyper>
<Number>1000</Number>
</Iteration>
<Iteration>
<Pop>(HMM,XBF)(XCL,CFHF_01,NOU,NAS,CAS,FLAC,BDSN,MP_04,L1S,AVX,KTV,DVD,MMN,JPG,DGL,FMW,ALV,BLM,CH413,MCCH_02,CH116,WAV,MPW,GIW,LOG)</Pop>
<Posterior>-1349845.4228542088530957698822021</Posterior>
<K>2</K>
<alpha>1</alpha>
<beta>348.95</beta>
<delta>0.00415688</delta>
<F>0.00296712</F>
<AccSAMS>0.0735069</AccSAMS>
<AccMS>0.119869</AccMS>
<AccIndiv>0.0177994</AccIndiv>
<AccHyper>0.636364</AccHyper>
<Number>2000</Number>
</Iteration>
<Iteration>
<Pop>(XBF)(HMM)(NOU,MPW,BLM,KTV,DGL,JPG,FLAC,CH413,L1S,NAS,WAV,FMW,CH116,AVX,ALV,DVD,CAS,GIW,MCCH_02,LOG,BDSN,MMN,MP_04,XCL,CFHF_01)</Pop>
<Posterior>-1349848.1382083182688802480697632</Posterior>
<K>3</K>
<alpha>1</alpha>
<beta>1055.83</beta>
<delta>0.0509214</delta>
<F>0.000982585</F>
<AccSAMS>0.0723751</AccSAMS>
<AccMS>0.122768</AccMS>
<AccIndiv>0.0159915</AccIndiv>
<AccHyper>0.623656</AccHyper>
<Number>3000</Number>
</Iteration>
<Iteration>
<Pop>(CFHF_01,XBF)(DVD,MP_04,AVX,KTV,FLAC,WAV,L1S,JPG)(MCCH_02,LOG,NAS,NOU,XCL,FMW,CH116,DGL,CH413,GIW,HMM,MPW,CAS,BDSN,BLM,MMN,ALV)</Pop>
<Posterior>-1349859.9194004477467387914657593</Posterior>
<K>3</K>
<alpha>1</alpha>
<beta>1240.05</beta>
<delta>0.00499701</delta>
<F>0.000836732</F>
<AccSAMS>0.0838462</AccSAMS>
<AccMS>0.137271</AccMS>
<AccIndiv>0.0152488</AccIndiv>
<AccHyper>0.620553</AccHyper>
<Number>4000</Number>
</Iteration>
<Iteration>
<Pop>(HMM,XBF)(MPW,MP_04,ALV,CH116,DGL,FMW,MMN,JPG,CH413,NAS,XCL,CAS,BDSN,LOG,NOU,KTV,WAV,MCCH_02,L1S,GIW,FLAC,DVD,AVX,BLM,CFHF_01)</Pop>
<Posterior>-1349845.7663919250480830669403076</Posterior>
<K>2</K>
<alpha>1</alpha>
<beta>208.404</beta>
<delta>0.000321861</delta>
<F>0.0049582</F>
<AccSAMS>0.0838024</AccSAMS>
<AccMS>0.140339</AccMS>
<AccIndiv>0.0156454</AccIndiv>
<AccHyper>0.64881</AccHyper>
<Number>5000</Number>
</Iteration>
<Iteration>
<Pop>(CH116,CAS,CFHF_01,NOU,LOG,NAS,XCL)(WAV,ALV,CH413,MMN,BLM,AVX,FLAC,MCCH_02,MPW,FMW,BDSN,KTV,JPG,L1S,GIW,DVD,HMM,DGL,MP_04,XBF)</Pop>
<Posterior>-1349852.8019643134903162717819214</Posterior>
<K>2</K>
<alpha>1</alpha>
<beta>127.287</beta>
<delta>0.0232485</delta>
<F>0.00809241</F>
<AccSAMS>0.0799159</AccSAMS>
<AccMS>0.134771</AccMS>
<AccIndiv>0.0174197</AccIndiv>
<AccHyper>0.670762</AccHyper>
<Number>6000</Number>
</Iteration>
<Iteration>
<Pop>(XBF,HMM)(MCCH_02,CFHF_01,LOG,MPW,CH413,CH116,JPG,DVD,GIW,XCL,BDSN,NAS,FMW,ALV,L1S,AVX,BLM,WAV,DGL,NOU,KTV,MP_04,FLAC,CAS,MMN)</Pop>
<Posterior>-1349845.9062200316693633794784546</Posterior>
<K>2</K>
<alpha>1</alpha>
<beta>612.75</beta>
<delta>0.0034997</delta>
<F>0.00169188</F>
<AccSAMS>0.0782886</AccSAMS>
<AccMS>0.130734</AccMS>
<AccIndiv>0.0182413</AccIndiv>
<AccHyper>0.666667</AccHyper>
<Number>7000</Number>
</Iteration>
<Iteration>
<Pop>(LOG)(XBF,HMM)(NOU,JPG,L1S,CH413,AVX,KTV,CH116,DVD,CFHF_01,NAS,FLAC,FMW,MPW,CAS,ALV,MCCH_02,DGL,XCL,MP_04,BLM,BDSN,MMN,WAV,GIW)</Pop>
<Posterior>-1349852.8401793392840772867202759</Posterior>
<K>3</K>
<alpha>1</alpha>
<beta>742.509</beta>
<delta>0.0058547</delta>
<F>0.00139663</F>
<AccSAMS>0.0800161</AccSAMS>
<AccMS>0.136073</AccMS>
<AccIndiv>0.0188062</AccIndiv>
<AccHyper>0.672598</AccHyper>
<Number>8000</Number>
</Iteration>
<Iteration>
<Pop>(JPG,NOU,L1S)(BLM,ALV,MPW,GIW,BDSN,WAV,MMN,DVD,MCCH_02,MP_04,FLAC,HMM,CH413,KTV,DGL,XBF,CFHF_01,FMW,CAS,NAS,XCL,LOG,AVX,CH116)</Pop>
<Posterior>-1349849.947998659219592809677124</Posterior>
<K>2</K>
<alpha>1</alpha>
<beta>314</beta>
<delta>0.00316715</delta>
<F>0.00329629</F>
<AccSAMS>0.0809166</AccSAMS>
<AccMS>0.137117</AccMS>
<AccIndiv>0.0193572</AccIndiv>
<AccHyper>0.671406</AccHyper>
<Number>9000</Number>
</Iteration>
<Iteration>
<Pop>(HMM,XBF)(FMW,LOG,CFHF_01,WAV,AVX,XCL,JPG,NAS,NOU,CH413,DVD,FLAC,ALV,GIW,CH116,KTV,DGL,BDSN,CAS,MP_04,L1S,BLM,MMN,MCCH_02,MPW)</Pop>
<Posterior>-1349844.4867459845263510942459106</Posterior>
<K>2</K>
<alpha>1</alpha>
<beta>219.938</beta>
<delta>0.0298002</delta>
<F>0.00469942</F>
<AccSAMS>0.0801539</AccSAMS>
<AccMS>0.142262</AccMS>
<AccIndiv>0.0194079</AccIndiv>
<AccHyper>0.669903</AccHyper>
<Number>10000</Number>
</Iteration>
<Iteration>
<Pop>(WAV,NOU,MMN,ALV,FLAC,LOG,CFHF_01,BLM,FMW,AVX,JPG,KTV,GIW,NAS,CH413,MP_04,L1S,DVD,CAS,MCCH_02,CH116,DGL,XCL,BDSN,MPW)(HMM,XBF)</Pop>
<Posterior>-1349844.3367469529621303081512451</Posterior>
<K>2</K>
<alpha>1</alpha>
<beta>1803.66</beta>
<delta>0.0356423</delta>
<F>0.000575419</F>
<AccSAMS>0.0826302</AccSAMS>
<AccMS>0.137591</AccMS>
<AccIndiv>0.0189189</AccIndiv>
<AccHyper>0.657795</AccHyper>
<Number>11000</Number>
</Iteration>
<Iteration>
<Pop>(CH413,NAS,KTV,ALV,DVD,CFHF_01,CH116,FLAC,BLM,NOU,GIW,CAS,L1S,LOG,BDSN,FMW,HMM,XBF,JPG,XCL,MP_04,WAV,DGL,AVX,MCCH_02,MPW,MMN)</Pop>
<Posterior>-1349846.1606489515397697687149048</Posterior>
<K>1</K>
<alpha>1</alpha>
<beta>614.759</beta>
<delta>0.0146918</delta>
<F>0.00168637</F>
<AccSAMS>0.0854271</AccSAMS>
<AccMS>0.13863</AccMS>
<AccIndiv>0.0193798</AccIndiv>
<AccHyper>0.659277</AccHyper>
<Number>12000</Number>
</Iteration>
<Iteration>
<Pop>(XBF,DGL,DVD,NAS,L1S,MPW,NOU,AVX,BLM,GIW,ALV,LOG,CH116,CAS,MCCH_02,BDSN,MMN,KTV,FLAC,JPG,CFHF_01,XCL,FMW,MP_04,CH413,WAV,HMM)</Pop>
<Posterior>-1349846.1606489510741084814071655</Posterior>
<K>1</K>
<alpha>1</alpha>
<beta>1021.2</beta>
<delta>0.00600869</delta>
<F>0.00101587</F>
<AccSAMS>0.0846003</AccSAMS>
<AccMS>0.13996</AccMS>
<AccIndiv>0.0197769</AccIndiv>
<AccHyper>0.663102</AccHyper>
<Number>13000</Number>
</Iteration>
<Iteration>
<Pop>(XBF,HMM)(NOU,GIW,DGL,FLAC,MMN,BDSN,CH413,DVD,ALV,MPW,LOG,FMW,NAS,BLM,WAV,CAS,MCCH_02,CFHF_01,AVX,CH116,MP_04,XCL,JPG,L1S,KTV)</Pop>
<Posterior>-1349844.7435830691829323768615723</Posterior>
<K>2</K>
<alpha>1</alpha>
<beta>430.368</beta>
<delta>0.00854421</delta>
<F>0.00240715</F>
<AccSAMS>0.0869367</AccSAMS>
<AccMS>0.140367</AccMS>
<AccIndiv>0.0195986</AccIndiv>
<AccHyper>0.674901</AccHyper>
<Number>14000</Number>
</Iteration>
<Iteration>
<Pop>(MP_04,AVX,FLAC,LOG,CAS,NAS,L1S,CFHF_01,MCCH_02,DVD,NOU,CH116,HMM,MPW,JPG,XBF,WAV,ALV,BLM,MMN,CH413,XCL,GIW,DGL,KTV,BDSN,FMW)</Pop>
<Posterior>-1349846.1606489510741084814071655</Posterior>
<K>1</K>
<alpha>1</alpha>
<beta>30.5892</beta>
<delta>0.0343945</delta>
<F>0.0328339</F>
<AccSAMS>0.0842887</AccSAMS>
<AccMS>0.138663</AccMS>
<AccIndiv>0.0187555</AccIndiv>
<AccHyper>0.673376</AccHyper>
<Number>15000</Number>
</Iteration>
<Iteration>
<Pop>(DVD,CAS,MP_04,AVX,MPW,BDSN,HMM,NAS,ALV,CH413,CFHF_01,GIW,XBF,DGL,JPG,KTV,WAV,LOG,XCL,FLAC,L1S,CH116,MCCH_02,MMN,NOU,FMW,BLM)</Pop>
<Posterior>-1349846.160648950142785906791687</Posterior>
<K>1</K>
<alpha>1</alpha>
<beta>182.053</beta>
<delta>0.0280335</delta>
<F>0.0056718</F>
<AccSAMS>0.084949</AccSAMS>
<AccMS>0.136145</AccMS>
<AccIndiv>0.0187243</AccIndiv>
<AccHyper>0.670121</AccHyper>
<Number>16000</Number>
</Iteration>
<Iteration>
<Pop>(L1S,MMN,LOG,HMM,ALV,DVD,FMW,GIW,BLM,AVX,BDSN,CAS,KTV,CFHF_01,MP_04,NAS,JPG,MPW,NOU,DGL,XCL,CH413,MCCH_02,WAV,FLAC,XBF,CH116)</Pop>
<Posterior>-1349846.1606489510741084814071655</Posterior>
<K>1</K>
<alpha>1</alpha>
<beta>56.379</beta>
<delta>0.0116058</delta>
<F>0.0180861</F>
<AccSAMS>0.0840226</AccSAMS>
<AccMS>0.134255</AccMS>
<AccIndiv>0.0187223</AccIndiv>
<AccHyper>0.671042</AccHyper>
<Number>17000</Number>
</Iteration>
<Iteration>
<Pop>(MPW,XCL,JPG,LOG,CH116,NOU,BLM,KTV,WAV,DVD,CFHF_01,MP_04,MCCH_02,CAS,AVX,NAS,L1S,FLAC,FMW,DGL,BDSN,MMN,GIW,CH413,ALV)(HMM,XBF)</Pop>
<Posterior>-1349845.0614051520824432373046875</Posterior>
<K>2</K>
<alpha>1</alpha>
<beta>248.626</beta>
<delta>0.0102747</delta>
<F>0.00415942</F>
<AccSAMS>0.0893875</AccSAMS>
<AccMS>0.134557</AccMS>
<AccIndiv>0.022275</AccIndiv>
<AccHyper>0.662298</AccHyper>
<Number>18000</Number>
</Iteration>
<Iteration>
<Pop>(CH413,ALV,MMN,AVX,LOG,BDSN,GIW,MPW,CAS,BLM,KTV,DVD,CH116,FMW,HMM,MCCH_02,DGL,L1S,FLAC,NOU,WAV,XCL,NAS,XBF,CFHF_01,MP_04,JPG)</Pop>
<Posterior>-1349846.1606489487458020448684692</Posterior>
<K>1</K>
<alpha>1</alpha>
<beta>55.0293</beta>
<delta>0.00227376</delta>
<F>0.0185215</F>
<AccSAMS>0.0888402</AccSAMS>
<AccMS>0.135505</AccMS>
<AccIndiv>0.0214199</AccIndiv>
<AccHyper>0.661004</AccHyper>
<Number>19000</Number>
</Iteration>
<Iteration>
<Pop>(MMN)(LOG,JPG,DGL,AVX,MPW,CFHF_01,FLAC,NOU,CH116,BDSN,BLM,DVD,XCL,MCCH_02,L1S,HMM,ALV,FMW,MP_04,CH413,XBF,KTV,CAS,GIW,WAV,NAS)</Pop>
<Posterior>-1349852.0179662159644067287445068</Posterior>
<K>2</K>
<alpha>1</alpha>
<beta>639.184</beta>
<delta>0.00331083</delta>
<F>0.00162203</F>
<AccSAMS>0.087694</AccSAMS>
<AccMS>0.135152</AccMS>
<AccIndiv>0.0209802</AccIndiv>
<AccHyper>0.664321</AccHyper>
<Number>20000</Number>
</Iteration>
<Iteration>
<Pop>(HMM,XBF)(KTV,WAV,AVX,FMW,BLM,NAS,MMN,CH413,CAS,LOG,GIW,CH116,ALV,MP_04,MCCH_02,CFHF_01,BDSN,DGL,JPG,NOU,FLAC,MPW,DVD,L1S,XCL)</Pop>
<Posterior>-1349844.422373781679198145866394</Posterior>
<K>2</K>
<alpha>1</alpha>
<beta>1034.84</beta>
<delta>0.00600958</delta>
<F>0.00100249</F>
<AccSAMS>0.0886864</AccSAMS>
<AccMS>0.136844</AccMS>
<AccIndiv>0.0203411</AccIndiv>
<AccHyper>0.662198</AccHyper>
<Number>21000</Number>
</Iteration>
<Iteration>
<Pop>(MCCH_02,CAS,MPW,KTV,BDSN,CFHF_01,ALV,NAS,WAV,MMN,XCL,DGL,CH413,LOG,JPG,MP_04,FMW,CH116,BLM,GIW,NOU,AVX,FLAC,DVD,L1S)(HMM,XBF)</Pop>
<Posterior>-1349845.1734698582440614700317383</Posterior>
<K>2</K>
<alpha>1</alpha>
<beta>399.773</beta>
<delta>0.0170439</delta>
<F>0.00259089</F>
<AccSAMS>0.0882566</AccSAMS>
<AccMS>0.137841</AccMS>
<AccIndiv>0.0203745</AccIndiv>
<AccHyper>0.666455</AccHyper>
<Number>22000</Number>
</Iteration>
<Iteration>
<Pop>(CH116,L1S,FMW,ALV,MMN,GIW,FLAC,BDSN,BLM,LOG,NAS,CAS,HMM,KTV,CFHF_01,DGL,AVX,MP_04,CH413,XCL,MCCH_02,XBF,MPW,NOU)(DVD,WAV,JPG)</Pop>
<Posterior>-1349853.8812402039766311645507812</Posterior>
<K>2</K>
<alpha>1</alpha>
<beta>981.3</beta>
<delta>0.00375534</delta>
<F>0.00105713</F>
<AccSAMS>0.089373</AccSAMS>
<AccMS>0.139048</AccMS>
<AccIndiv>0.0207918</AccIndiv>
<AccHyper>0.661027</AccHyper>
<Number>23000</Number>
</Iteration>
<Iteration>
<Pop>(DGL,NAS,DVD,CAS,MP_04,WAV,CH116,GIW,JPG,NOU,L1S,BDSN,XCL,CFHF_01,MPW,AVX,KTV,FMW,BLM,MCCH_02,MMN,ALV,LOG,FLAC,CH413)(HMM,XBF)</Pop>
<Posterior>-1349845.1499729824718087911605835</Posterior>
<K>2</K>
<alpha>1</alpha>
<beta>389.334</beta>
<delta>0.0322003</delta>
<F>0.00266017</F>
<AccSAMS>0.0921387</AccSAMS>
<AccMS>0.141477</AccMS>
<AccIndiv>0.0217569</AccIndiv>
<AccHyper>0.661272</AccHyper>
<Number>24000</Number>
</Iteration>
<Iteration>
<Pop>(KTV,WAV)(NAS,CFHF_01,XBF,GIW,ALV,FMW,L1S,CAS,NOU,JPG,BLM,BDSN,AVX,DVD,MPW,DGL,CH116,MCCH_02,CH413,XCL,LOG,MMN,MP_04,HMM,FLAC)</Pop>
<Posterior>-1349849.4096024460159242153167725</Posterior>
<K>2</K>
<alpha>1</alpha>
<beta>1143.13</beta>
<delta>0.0148468</delta>
<F>0.000907608</F>
<AccSAMS>0.0910026</AccSAMS>
<AccMS>0.142249</AccMS>
<AccIndiv>0.021759</AccIndiv>
<AccHyper>0.658699</AccHyper>
<Number>25000</Number>
</Iteration>
<Iteration>
<Pop>(XBF,HMM)(MP_04,MCCH_02,NOU,BDSN,BLM,JPG,L1S,XCL,DGL,CH116,CAS,LOG,CH413,MPW,GIW,FLAC,DVD,FMW,WAV,KTV,ALV,AVX,MMN,CFHF_01,NAS)</Pop>
<Posterior>-1349845.6210682378150522708892822</Posterior>
<K>2</K>
<alpha>1</alpha>
<beta>525.215</beta>
<delta>0.00141896</delta>
<F>0.0019733</F>
<AccSAMS>0.0921101</AccSAMS>
<AccMS>0.141388</AccMS>
<AccIndiv>0.0219711</AccIndiv>
<AccHyper>0.65774</AccHyper>
<Number>26000</Number>
</Iteration>
<Iteration>
<Pop>(MPW,GIW,BLM,NAS,BDSN,MMN,L1S,XBF,MCCH_02,ALV,CH413,HMM,MP_04,DGL,DVD,WAV,FLAC,AVX,FMW,CFHF_01,CH116,XCL,LOG,CAS,KTV)(JPG,NOU)</Pop>
<Posterior>-1349850.1449205784592777490615845</Posterior>
<K>2</K>
<alpha>1</alpha>
<beta>5919.37</beta>
<delta>0.0226216</delta>
<F>0.000175403</F>
<AccSAMS>0.0926411</AccSAMS>
<AccMS>0.141286</AccMS>
<AccIndiv>0.0218151</AccIndiv>
<AccHyper>0.655155</AccHyper>
<Number>27000</Number>
</Iteration>
<Iteration>
<Pop>(NAS,L1S,FMW,DGL,CH413,JPG,MMN,XCL,GIW,MP_04,KTV,CAS,LOG,ALV,DVD,NOU,HMM,AVX,FLAC,XBF,MPW,CH116,MCCH_02,CFHF_01,BLM,WAV,BDSN)</Pop>
<Posterior>-1349846.1606489496771246194839478</Posterior>
<K>1</K>
<alpha>1</alpha>
<beta>81.13</beta>
<delta>0.0112682</delta>
<F>0.0126382</F>
<AccSAMS>0.0919922</AccSAMS>
<AccMS>0.141143</AccMS>
<AccIndiv>0.0220853</AccIndiv>
<AccHyper>0.655689</AccHyper>
<Number>28000</Number>
</Iteration>
<Iteration>
<Pop>(CAS,DGL,CFHF_01,NOU,AVX,DVD,WAV,L1S,XBF,MMN,FMW,MCCH_02,XCL,LOG,MPW,CH116,BLM,CH413,ALV,MP_04,JPG,FLAC,GIW,BDSN,HMM,NAS,KTV)</Pop>
<Posterior>-1349846.1606489515397697687149048</Posterior>
<K>1</K>
<alpha>1</alpha>
<beta>256.789</beta>
<delta>0.00996831</delta>
<F>0.00402773</F>
<AccSAMS>0.0909895</AccSAMS>
<AccMS>0.139613</AccMS>
<AccIndiv>0.021451</AccIndiv>
<AccHyper>0.657971</AccHyper>
<Number>29000</Number>
</Iteration>
<Iteration>
<Pop>(HMM,XBF)(DGL,BLM,KTV,CFHF_01,NAS,CH413,WAV,FLAC,CAS,CH116,FMW,XCL,MMN,BDSN,LOG,DVD,L1S,JPG,MPW,AVX,MP_04,MCCH_02,NOU,ALV,GIW)</Pop>
<Posterior>-1349845.0894045005552470684051514</Posterior>
<K>2</K>
<alpha>1</alpha>
<beta>329.64</beta>
<delta>0.00723627</delta>
<F>0.00314039</F>
<AccSAMS>0.0907635</AccSAMS>
<AccMS>0.138443</AccMS>
<AccIndiv>0.0208492</AccIndiv>
<AccHyper>0.659027</AccHyper>
<Number>30000</Number>
</Iteration>
<Iteration>
<Pop>(XBF,HMM)(XCL,MP_04,BDSN,MCCH_02,ALV,NAS,DGL,AVX,DVD,LOG,CFHF_01,MMN,CAS,MPW,KTV,GIW,BLM,FMW,CH413,CH116,JPG,L1S,FLAC,WAV,NOU)</Pop>
<Posterior>-1349844.6576480863150209188461304</Posterior>
<K>2</K>
<alpha>1</alpha>
<beta>1128.77</beta>
<delta>0.00102756</delta>
<F>0.000919148</F>
<AccSAMS>0.0918969</AccSAMS>
<AccMS>0.139956</AccMS>
<AccIndiv>0.0211423</AccIndiv>
<AccHyper>0.658887</AccHyper>
<Number>31000</Number>
</Iteration>
<Iteration>
<Pop>(BDSN,DVD,LOG,CH116,CFHF_01,KTV,CAS,WAV,FMW,ALV,L1S,MPW,GIW,CH413,DGL,NAS,MP_04,JPG,MCCH_02,NOU,FLAC,XBF,HMM,XCL,MMN,BLM,AVX)</Pop>
<Posterior>-1349846.160648952005431056022644</Posterior>
<K>1</K>
<alpha>1</alpha>
<beta>170.721</beta>
<delta>0.00484421</delta>
<F>0.00604601</F>
<AccSAMS>0.0914567</AccSAMS>
<AccMS>0.139624</AccMS>
<AccIndiv>0.0212312</AccIndiv>
<AccHyper>0.657963</AccHyper>
<Number>32000</Number>
</Iteration>
<Iteration>
<Pop>(XBF,HMM)(MCCH_02,BDSN,MMN,CFHF_01,BLM,JPG,ALV,NAS,CAS,L1S,AVX,DVD,DGL,FLAC,LOG,MP_04,NOU,FMW,CH413,KTV,XCL,CH116,GIW,MPW,WAV)</Pop>
<Posterior>-1349846.3662879364565014839172363</Posterior>
<K>2</K>
<alpha>1</alpha>
<beta>272.181</beta>
<delta>0.0115586</delta>
<F>0.00380083</F>
<AccSAMS>0.0904229</AccSAMS>
<AccMS>0.138658</AccMS>
<AccIndiv>0.0208292</AccIndiv>
<AccHyper>0.661487</AccHyper>
<Number>33000</Number>
</Iteration>
<Iteration>
<Pop>(MPW,NOU,BLM,KTV,GIW,CFHF_01,WAV,MCCH_02,AVX,L1S,CAS,CH413,MP_04,FLAC,FMW,LOG,MMN,XCL,JPG,DVD,BDSN,ALV,NAS,CH116,DGL)(XBF,HMM)</Pop>
<Posterior>-1349844.5173843875527381896972656</Posterior>
<K>2</K>
<alpha>1</alpha>
<beta>1615.71</beta>
<delta>0.00724352</delta>
<F>0.000642311</F>
<AccSAMS>0.0904371</AccSAMS>
<AccMS>0.139077</AccMS>
<AccIndiv>0.0204687</AccIndiv>
<AccHyper>0.662582</AccHyper>
<Number>34000</Number>
</Iteration>
<Iteration>
<Pop>(L1S)(BLM,LOG,MMN,BDSN,JPG,KTV,CFHF_01,MP_04,MPW,AVX,FMW,CH116,CAS,GIW,MCCH_02,NAS,ALV,XBF,CH413,NOU,WAV,XCL,FLAC,DVD,HMM,DGL)</Pop>
<Posterior>-1349854.0839794047642499208450317</Posterior>
<K>2</K>
<alpha>1</alpha>
<beta>41.0756</beta>
<delta>0.00201573</delta>
<F>0.0246582</F>
<AccSAMS>0.0905508</AccSAMS>
<AccMS>0.138454</AccMS>
<AccIndiv>0.020156</AccIndiv>
<AccHyper>0.662565</AccHyper>
<Number>35000</Number>
</Iteration>
<Iteration>
<Pop>(CFHF_01)(HMM,XBF)(BDSN,DGL,JPG,MPW,ALV,WAV,NAS,CH413,L1S,LOG,NOU,FMW,MMN,KTV,CH116,FLAC,CAS,DVD,BLM,XCL,AVX,MCCH_02,GIW,MP_04)</Pop>
<Posterior>-1349847.8080084465909749269485474</Posterior>
<K>3</K>
<alpha>1</alpha>
<beta>3054.47</beta>
<delta>0.00178899</delta>
<F>0.000339865</F>
<AccSAMS>0.0894817</AccSAMS>
<AccMS>0.137888</AccMS>
<AccIndiv>0.0201209</AccIndiv>
<AccHyper>0.6637</AccHyper>
<Number>36000</Number>
</Iteration>
<Iteration>
<Pop>(CAS)(HMM,XBF)(JPG,BDSN,CH116,MCCH_02,WAV,DGL,NOU,MPW,MP_04,MMN,BLM,FLAC,FMW,LOG,L1S,DVD,CH413,XCL,ALV,AVX,GIW,NAS,KTV,CFHF_01)</Pop>
<Posterior>-1349849.2927032120060175657272339</Posterior>
<K>3</K>
<alpha>1</alpha>
<beta>3166.04</beta>
<delta>0.00740532</delta>
<F>0.000327892</F>
<AccSAMS>0.094638</AccSAMS>
<AccMS>0.139311</AccMS>
<AccIndiv>0.0221091</AccIndiv>
<AccHyper>0.660889</AccHyper>
<Number>37000</Number>
</Iteration>
<Iteration>
<Pop>(HMM,XBF)(KTV,NOU,MCCH_02,LOG,BLM,CH413,WAV,MMN,CAS,FLAC,CH116,BDSN,NAS,L1S,MPW,CFHF_01,FMW,ALV,DGL,XCL,MP_04,JPG,GIW,DVD,AVX)</Pop>
<Posterior>-1349844.5963921416550874710083008</Posterior>
<K>2</K>
<alpha>1</alpha>
<beta>1742.47</beta>
<delta>0.00151959</delta>
<F>0.000595615</F>
<AccSAMS>0.0953992</AccSAMS>
<AccMS>0.139272</AccMS>
<AccIndiv>0.0224902</AccIndiv>
<AccHyper>0.660682</AccHyper>
<Number>38000</Number>
</Iteration>
<Iteration>
<Pop>(LOG,MPW,KTV,NOU,BLM,BDSN,DVD,DGL,FMW,ALV,NAS,CFHF_01,GIW,L1S,CH116,MMN,FLAC,MCCH_02,MP_04,AVX,CAS,XCL,CH413,JPG,WAV)(HMM,XBF)</Pop>
<Posterior>-1349845.7220268994569778442382812</Posterior>
<K>2</K>
<alpha>1</alpha>
<beta>218.627</beta>
<delta>0.00137248</delta>
<F>0.00472746</F>
<AccSAMS>0.0950264</AccSAMS>
<AccMS>0.139529</AccMS>
<AccIndiv>0.0222962</AccIndiv>
<AccHyper>0.661622</AccHyper>
<Number>39000</Number>
</Iteration>
<Iteration>
<Pop>(AVX,ALV,CH116,CFHF_01,GIW,BDSN,CAS,NAS,BLM,FMW,MP_04,MCCH_02,XBF,MPW,DVD,HMM,XCL,MMN,DGL,FLAC,KTV,NOU,LOG,CH413,L1S,WAV,JPG)</Pop>
<Posterior>-1349846.1606489496771246194839478</Posterior>
<K>1</K>
<alpha>1</alpha>
<beta>159.591</beta>
<delta>0.0224142</delta>
<F>0.00646494</F>
<AccSAMS>0.0943761</AccSAMS>
<AccMS>0.138351</AccMS>
<AccIndiv>0.0219825</AccIndiv>
<AccHyper>0.660463</AccHyper>
<Number>40000</Number>
</Iteration>
<Iteration>
<Pop>(FLAC,L1S,FMW,JPG,AVX,XCL,CH116,MP_04,GIW,WAV,DGL,DVD,MPW,LOG,KTV,NOU,MMN,ALV,HMM,CH413,XBF,BLM,CAS,MCCH_02,BDSN,CFHF_01)(NAS)</Pop>
<Posterior>-1349853.1839181440882384777069092</Posterior>
<K>2</K>
<alpha>1</alpha>
<beta>218.909</beta>
<delta>9.52633e-06</delta>
<F>0.00472139</F>
<AccSAMS>0.0941989</AccSAMS>
<AccMS>0.136783</AccMS>
<AccIndiv>0.0216327</AccIndiv>
<AccHyper>0.65913</AccHyper>
<Number>41000</Number>
</Iteration>
<Iteration>
<Pop>(CH413,DGL,CFHF_01,KTV,XBF,FLAC,XCL,LOG,NOU,GIW,DVD,BDSN,L1S,ALV,FMW,HMM,MMN,JPG,MCCH_02,MP_04,CH116,NAS,AVX,WAV,CAS,BLM,MPW)</Pop>
<Posterior>-1349846.1606489529367536306381226</Posterior>
<K>1</K>
<alpha>1</alpha>
<beta>107.484</beta>
<delta>0.00442122</delta>
<F>0.00956908</F>
<AccSAMS>0.094023</AccSAMS>
<AccMS>0.135943</AccMS>
<AccIndiv>0.0216337</AccIndiv>
<AccHyper>0.661085</AccHyper>
<Number>42000</Number>
</Iteration>
<Iteration>
<Pop>(FMW,ALV,MPW,MP_04,MMN,DVD,CAS,CH116,FLAC,MCCH_02,GIW,XCL,WAV,KTV,DGL,AVX,NAS,BDSN,CFHF_01,NOU,CH413,LOG,JPG,BLM,L1S)(HMM,XBF)</Pop>
<Posterior>-1349845.4712572130374610424041748</Posterior>
<K>2</K>
<alpha>1</alpha>
<beta>288.738</beta>
<delta>0.00648294</delta>
<F>0.00358365</F>
<AccSAMS>0.094725</AccSAMS>
<AccMS>0.136288</AccMS>
<AccIndiv>0.0215313</AccIndiv>
<AccHyper>0.661664</AccHyper>
<Number>43000</Number>
</Iteration>
<Iteration>
<Pop>(FMW,BLM,BDSN,KTV,WAV,CH413,MPW,DVD,XBF,MCCH_02,L1S,JPG,ALV,FLAC,DGL,CFHF_01,XCL,MMN,CH116,NAS,LOG,MP_04,CAS,NOU,AVX,GIW,HMM)</Pop>
<Posterior>-1349846.160648952005431056022644</Posterior>
<K>1</K>
<alpha>1</alpha>
<beta>4314.06</beta>
<delta>0.0079952</delta>
<F>0.000240657</F>
<AccSAMS>0.0948515</AccSAMS>
<AccMS>0.136811</AccMS>
<AccIndiv>0.0218</AccIndiv>
<AccHyper>0.661357</AccHyper>
<Number>44000</Number>
</Iteration>
<Iteration>
<Pop>(NAS,MCCH_02,JPG,GIW,HMM,BLM,BDSN,CH116,MMN,LOG,FMW,L1S,AVX,KTV,MP_04,MPW,XBF,DVD,XCL,NOU,CH413,CAS,DGL,FLAC,WAV,CFHF_01,ALV)</Pop>
<Posterior>-1349846.1606489529367536306381226</Posterior>
<K>1</K>
<alpha>1</alpha>
<beta>491.412</beta>
<delta>0.000107727</delta>
<F>0.00210876</F>
<AccSAMS>0.0947383</AccSAMS>
<AccMS>0.136997</AccMS>
<AccIndiv>0.0216796</AccIndiv>
<AccHyper>0.661755</AccHyper>
<Number>45000</Number>
</Iteration>
<Iteration>
<Pop>(CH413)(MCCH_02,MP_04,CFHF_01)(LOG,MMN,DVD,HMM,CH116,BDSN,XCL,JPG,MPW,ALV,GIW,AVX,L1S,KTV,BLM,FMW,DGL,FLAC,NOU,NAS,WAV,CAS,XBF)</Pop>
<Posterior>-1349863.3911755548324435949325562</Posterior>
<K>3</K>
<alpha>1</alpha>
<beta>1243.66</beta>
<delta>0.00574161</delta>
<F>0.000834305</F>
<AccSAMS>0.094916</AccSAMS>
<AccMS>0.136447</AccMS>
<AccIndiv>0.0216917</AccIndiv>
<AccHyper>0.659933</AccHyper>
<Number>46000</Number>
</Iteration>
<Iteration>
<Pop>(XBF,HMM)(JPG,CH413,MP_04,XCL,NOU,L1S,LOG,MPW,MMN,NAS,DVD,BLM,WAV,BDSN,AVX,MCCH_02,DGL,CH116,GIW,FMW,KTV,CFHF_01,CAS,ALV,FLAC)</Pop>
<Posterior>-1349845.1931230518966913223266602</Posterior>
<K>2</K>
<alpha>1</alpha>
<beta>391.367</beta>
<delta>0.0162182</delta>
<F>0.0026464</F>
<AccSAMS>0.0944452</AccSAMS>
<AccMS>0.137028</AccMS>
<AccIndiv>0.0217916</AccIndiv>
<AccHyper>0.658478</AccHyper>
<Number>47000</Number>
</Iteration>
<Iteration>
<Pop>(XBF,HMM)(FMW,NAS,CAS,MCCH_02,DVD,MPW,MMN,GIW,BDSN,MP_04,CFHF_01,FLAC,AVX,XCL,LOG,JPG,KTV,L1S,WAV,BLM,NOU,CH116,ALV,DGL,CH413)</Pop>
<Posterior>-1349845.823320185532793402671814</Posterior>
<K>2</K>
<alpha>1</alpha>
<beta>61.4641</beta>
<delta>0.00240975</delta>
<F>0.0166147</F>
<AccSAMS>0.0938565</AccSAMS>
<AccMS>0.135852</AccMS>
<AccIndiv>0.0214291</AccIndiv>
<AccHyper>0.657848</AccHyper>
<Number>48000</Number>
</Iteration>
<Iteration>
<Pop>(HMM,XBF)(BDSN,FMW,MPW,L1S,JPG,WAV,MCCH_02,DVD,KTV,XCL,MP_04,ALV,NOU,FLAC,DGL,LOG,NAS,GIW,MMN,CAS,AVX,CH413,BLM,CH116,CFHF_01)</Pop>
<Posterior>-1349845.098166605690494179725647</Posterior>
<K>2</K>
<alpha>1</alpha>
<beta>78.2178</beta>
<delta>0.0506961</delta>
<F>0.0131026</F>
<AccSAMS>0.093136</AccSAMS>
<AccMS>0.135174</AccMS>
<AccIndiv>0.0213653</AccIndiv>
<AccHyper>0.657373</AccHyper>
<Number>49000</Number>
</Iteration>
<Iteration>
<Pop>(XBF,HMM)(ALV,CH413,BDSN,NOU,BLM,DVD,LOG,AVX,GIW,KTV,CH116,MPW,L1S,CAS,DGL,MMN,CFHF_01,FMW,MCCH_02,NAS,MP_04,XCL,WAV,JPG,FLAC)</Pop>
<Posterior>-1349844.5772031433880329132080078</Posterior>
<K>2</K>
<alpha>1</alpha>
<beta>1317.94</beta>
<delta>0.00506849</delta>
<F>0.000787319</F>
<AccSAMS>0.0927399</AccSAMS>
<AccMS>0.135424</AccMS>
<AccIndiv>0.0214531</AccIndiv>
<AccHyper>0.658021</AccHyper>
<Number>50000</Number>
</Iteration>
<Iteration>
<Pop>(XBF,HMM)(L1S,NOU,JPG)(FLAC,CFHF_01,DVD,LOG,CAS,NAS,XCL,GIW,MP_04,AVX)(CH413,CH116,ALV,DGL,BDSN,WAV,MMN,MCCH_02,KTV,MPW,BLM,FMW)</Pop>
<Posterior>-1349861.7441759300418198108673096</Posterior>
<K>4</K>
<alpha>1</alpha>
<beta>1480.03</beta>
<delta>0.00234336</delta>
<F>0.000701157</F>
<AccSAMS>0.0931052</AccSAMS>
<AccMS>0.135206</AccMS>
<AccIndiv>0.0214658</AccIndiv>
<AccHyper>0.658011</AccHyper>
<Number>51000</Number>
</Iteration>
<Iteration>
<Pop>(MCCH_02,XBF,MP_04,CH413,CFHF_01,CH116,BLM,HMM,FLAC,NAS,MMN,FMW,GIW,ALV,CAS,WAV,JPG,MPW,XCL,KTV,DGL,L1S,AVX,LOG,DVD,BDSN,NOU)</Pop>
<Posterior>-1349846.1606489510741084814071655</Posterior>
<K>1</K>
<alpha>1</alpha>
<beta>671.363</beta>
<delta>0.00270235</delta>
<F>0.0015444</F>
<AccSAMS>0.0929701</AccSAMS>
<AccMS>0.134458</AccMS>
<AccIndiv>0.0214539</AccIndiv>
<AccHyper>0.658503</AccHyper>
<Number>52000</Number>
</Iteration>
<Iteration>
<Pop>(XBF,GIW,LOG,WAV,AVX,MCCH_02,KTV,CAS,CH116,MPW,CFHF_01,CH413,NAS,BLM,BDSN,HMM,ALV,MMN,DGL,DVD,MP_04,XCL,FLAC,L1S,FMW,NOU,JPG)</Pop>
<Posterior>-1349846.1606489492114633321762085</Posterior>
<K>1</K>
<alpha>1</alpha>
<beta>743.849</beta>
<delta>0.00649525</delta>
<F>0.00139412</F>
<AccSAMS>0.092858</AccSAMS>
<AccMS>0.1347</AccMS>
<AccIndiv>0.0212351</AccIndiv>
<AccHyper>0.658322</AccHyper>
<Number>53000</Number>
</Iteration>
<Iteration>
<Pop>(XCL,DGL,AVX,JPG,MCCH_02,MP_04,NOU,CFHF_01,CH116,GIW,DVD,L1S,KTV,MMN,LOG,CAS,ALV,BLM,FLAC,NAS,MPW,FMW,WAV,CH413,BDSN)(XBF,HMM)</Pop>
<Posterior>-1349845.0951132767368108034133911</Posterior>
<K>2</K>
<alpha>1</alpha>
<beta>449.969</beta>
<delta>0.0132612</delta>
<F>0.00230253</F>
<AccSAMS>0.092469</AccSAMS>
<AccMS>0.133701</AccMS>
<AccIndiv>0.0211504</AccIndiv>
<AccHyper>0.659275</AccHyper>
<Number>54000</Number>
</Iteration>
<Iteration>
<Pop>(BLM,DVD,BDSN)(L1S,CFHF_01,CAS,DGL,NOU,KTV,CH116,HMM,MMN,WAV,MP_04,XCL,AVX,LOG,MCCH_02,MPW,CH413,NAS,GIW,FLAC,FMW,XBF,ALV,JPG)</Pop>
<Posterior>-1349850.6867577705997973680496216</Posterior>
<K>2</K>
<alpha>1</alpha>
<beta>3381.34</beta>
<delta>0.0302289</delta>
<F>0.00030702</F>
<AccSAMS>0.0931103</AccSAMS>
<AccMS>0.134128</AccMS>
<AccIndiv>0.0216048</AccIndiv>
<AccHyper>0.657766</AccHyper>
<Number>55000</Number>
</Iteration>
<Iteration>
<Pop>(CFHF_01)(LOG,ALV,MMN,JPG,CH413,CAS,CH116,BDSN,KTV,WAV,MCCH_02,DVD,NAS,AVX,XCL,FMW,FLAC,GIW,MP_04,MPW,BLM,DGL,L1S,NOU)(XBF,HMM)</Pop>
<Posterior>-1349847.8564804848283529281616211</Posterior>
<K>3</K>
<alpha>1</alpha>
<beta>1863.95</beta>
<delta>0.0145991</delta>
<F>0.000556819</F>
<AccSAMS>0.0936065</AccSAMS>
<AccMS>0.134801</AccMS>
<AccIndiv>0.0218421</AccIndiv>
<AccHyper>0.658426</AccHyper>
<Number>56000</Number>
</Iteration>
<Iteration>
<Pop>(MMN)(BLM,NOU,XCL,FLAC,NAS,KTV,DVD,HMM,WAV,CAS,CH413,CH116,AVX,BDSN,GIW,JPG,LOG,MP_04,FMW,L1S,MPW,ALV,MCCH_02,DGL)(CFHF_01,XBF)</Pop>
<Posterior>-1349856.6766476538032293319702148</Posterior>
<K>3</K>
<alpha>1</alpha>
<beta>3801.94</beta>
<delta>0.0259278</delta>
<F>0.000273065</F>
<AccSAMS>0.0955737</AccSAMS>
<AccMS>0.136635</AccMS>
<AccIndiv>0.0233892</AccIndiv>
<AccHyper>0.655121</AccHyper>
<Number>57000</Number>
</Iteration>
<Iteration>
<Pop>(HMM,XBF)(JPG,MPW,FMW,BDSN,MCCH_02,CAS,BLM,FLAC,MMN,DVD,WAV,L1S,AVX,NOU,LOG,MP_04,CFHF_01,CH413,KTV,ALV,XCL,GIW,DGL,CH116,NAS)</Pop>
<Posterior>-1349845.3585022697225213050842285</Posterior>
<K>2</K>
<alpha>1</alpha>
<beta>329.142</beta>
<delta>0.00812124</delta>
<F>0.00314512</F>
<AccSAMS>0.0950274</AccSAMS>
<AccMS>0.136574</AccMS>
<AccIndiv>0.0232181</AccIndiv>
<AccHyper>0.655147</AccHyper>
<Number>58000</Number>
</Iteration>
<Iteration>
<Pop>(XBF,HMM)(DGL,NAS,BLM,AVX,L1S,JPG,MP_04,ALV,BDSN,CAS,MCCH_02,FMW,GIW,CH413,DVD,XCL,KTV,LOG,MPW,CFHF_01,NOU,MMN,FLAC,CH116,WAV)</Pop>
<Posterior>-1349845.1649198625236749649047852</Posterior>
<K>2</K>
<alpha>1</alpha>
<beta>386.967</beta>
<delta>0.0285681</delta>
<F>0.00267641</F>
<AccSAMS>0.0958077</AccSAMS>
<AccMS>0.136942</AccMS>
<AccIndiv>0.0233414</AccIndiv>
<AccHyper>0.65523</AccHyper>
<Number>59000</Number>
</Iteration>
<Iteration>
<Pop>(FLAC,BDSN,AVX,NAS,CAS,CFHF_01,CH413,MPW,BLM,GIW,LOG,XCL,WAV,MP_04,L1S,KTV,XBF,NOU,JPG,CH116,MMN,HMM,DGL,MCCH_02,ALV,DVD,FMW)</Pop>
<Posterior>-1349846.160648952005431056022644</Posterior>
<K>1</K>
<alpha>1</alpha>
<beta>33.7623</beta>
<delta>0.00424887</delta>
<F>0.0298401</F>
<AccSAMS>0.0956629</AccSAMS>
<AccMS>0.137542</AccMS>
<AccIndiv>0.0234329</AccIndiv>
<AccHyper>0.655896</AccHyper>
<Number>60000</Number>
</Iteration>
<Iteration>
<Pop>(ALV,XCL,AVX,MCCH_02,CH116,FMW,DVD,BDSN,NOU,L1S,CH413,FLAC,KTV,WAV,MPW,MP_04,DGL,JPG,MMN,CFHF_01,GIW,CAS,NAS,LOG,BLM)(XBF,HMM)</Pop>
<Posterior>-1349844.3743484418373554944992065</Posterior>
<K>2</K>
<alpha>1</alpha>
<beta>575.666</beta>
<delta>0.0311175</delta>
<F>0.00180068</F>
<AccSAMS>0.0954882</AccSAMS>
<AccMS>0.138413</AccMS>
<AccIndiv>0.0232867</AccIndiv>
<AccHyper>0.65748</AccHyper>
<Number>61000</Number>
</Iteration>
<Iteration>
<Pop>(FLAC,FMW,CAS,BDSN,MP_04,CH413,MPW,WAV,JPG,L1S,BLM,KTV,NOU,LOG,MMN,AVX,CH116,MCCH_02,NAS,DGL,DVD,GIW,ALV,CFHF_01,XCL)(XBF,HMM)</Pop>
<Posterior>-1349845.1354926628991961479187012</Posterior>
<K>2</K>
<alpha>1</alpha>
<beta>4747.12</beta>
<delta>0.00562632</delta>
<F>0.000218708</F>
<AccSAMS>0.0967892</AccSAMS>
<AccMS>0.139046</AccMS>
<AccIndiv>0.0235903</AccIndiv>
<AccHyper>0.657403</AccHyper>
<Number>62000</Number>
</Iteration>
<Iteration>
<Pop>(AVX)(DGL,JPG,MP_04,FMW,NOU,L1S,CH116,BLM,BDSN,WAV,FLAC,MCCH_02,MMN,GIW,XCL,CAS,DVD,ALV,NAS,CH413,LOG,HMM,KTV,XBF,CFHF_01,MPW)</Pop>
<Posterior>-1349851.9183140674140304327011108</Posterior>
<K>2</K>
<alpha>1</alpha>
<beta>2409.93</beta>
<delta>0.00157991</delta>
<F>0.000430722</F>
<AccSAMS>0.0966592</AccSAMS>
<AccMS>0.138937</AccMS>
<AccIndiv>0.0237128</AccIndiv>
<AccHyper>0.657104</AccHyper>
<Number>63000</Number>
</Iteration>
<Iteration>
<Pop>(MPW,FLAC,NOU,JPG,CFHF_01,L1S,NAS,GIW,XCL,BLM,MP_04,DVD,MMN,FMW,DGL,HMM,AVX,WAV,BDSN,CAS,MCCH_02,CH116,KTV,CH413,XBF,LOG,ALV)</Pop>
<Posterior>-1349846.1606489506084471940994263</Posterior>
<K>1</K>
<alpha>1</alpha>
<beta>122.984</beta>
<delta>0.0101834</delta>
<F>0.00837316</F>
<AccSAMS>0.0973203</AccSAMS>
<AccMS>0.13903</AccMS>
<AccIndiv>0.0239721</AccIndiv>
<AccHyper>0.656561</AccHyper>
<Number>64000</Number>
</Iteration>
<Iteration>
<Pop>(HMM,XBF)(ALV,LOG,MCCH_02,CFHF_01,NAS,CH413,DVD,CAS,FMW,MPW,MP_04,BDSN,KTV,CH116,L1S,DGL,FLAC,GIW,BLM,JPG,NOU,XCL,AVX,MMN,WAV)</Pop>
<Posterior>-1349845.5928941948805004358291626</Posterior>
<K>2</K>
<alpha>1</alpha>
<beta>249.993</beta>
<delta>0.00665087</delta>
<F>0.00413676</F>
<AccSAMS>0.0971113</AccSAMS>
<AccMS>0.139056</AccMS>
<AccIndiv>0.0238784</AccIndiv>
<AccHyper>0.658377</AccHyper>
<Number>65000</Number>
</Iteration>
<Iteration>
<Pop>(XBF,HMM)(MP_04,WAV,GIW,JPG,DGL,L1S,MCCH_02,CH116,MMN,CFHF_01,BDSN,NAS,BLM,CAS,FMW,MPW,FLAC,ALV,NOU,AVX,XCL,LOG,CH413,KTV,DVD)</Pop>
<Posterior>-1349844.7876401264220476150512695</Posterior>
<K>2</K>
<alpha>1</alpha>
<beta>1284.57</beta>
<delta>0.00494604</delta>
<F>0.000807759</F>
<AccSAMS>0.0966788</AccSAMS>
<AccMS>0.139361</AccMS>
<AccIndiv>0.0237113</AccIndiv>
<AccHyper>0.660223</AccHyper>
<Number>66000</Number>
</Iteration>
<Iteration>
<Pop>(XBF,HMM)(MPW,L1S,NOU,JPG)(LOG,CAS,AVX,NAS,MP_04,MCCH_02,ALV,CH413,DGL,DVD,BLM,WAV,FLAC,CFHF_01,KTV,MMN,BDSN,CH116,XCL,FMW,GIW)</Pop>
<Posterior>-1349852.9965495783835649490356445</Posterior>
<K>3</K>
<alpha>1</alpha>
<beta>1883.66</beta>
<delta>0.0131995</delta>
<F>0.000550994</F>
<AccSAMS>0.0964875</AccSAMS>
<AccMS>0.13907</AccMS>
<AccIndiv>0.0235908</AccIndiv>
<AccHyper>0.662497</AccHyper>
<Number>67000</Number>
</Iteration>
<Iteration>
<Pop>(DVD,KTV,WAV,MP_04,L1S)(FLAC,CFHF_01,BDSN,LOG,MPW,NAS,GIW,CAS,DGL,XCL,MMN,NOU,AVX,CH413,HMM,CH116,FMW,XBF,JPG,MCCH_02,BLM,ALV)</Pop>
<Posterior>-1349849.4108928109053522348403931</Posterior>
<K>2</K>
<alpha>1</alpha>
<beta>850.329</beta>
<delta>0.00505221</delta>
<F>0.00121975</F>
<AccSAMS>0.0963992</AccSAMS>
<AccMS>0.138865</AccMS>
<AccIndiv>0.0234297</AccIndiv>
<AccHyper>0.663046</AccHyper>
<Number>68000</Number>
</Iteration>
<Iteration>
<Pop>(L1S,BDSN,FMW,CH413,XBF,KTV,MCCH_02,HMM,MPW,JPG,CH116,DVD,WAV,BLM,CFHF_01,MMN,NAS,GIW,ALV,FLAC,XCL,NOU,MP_04,CAS,LOG,AVX,DGL)</Pop>
<Posterior>-1349846.1606489492114633321762085</Posterior>
<K>1</K>
<alpha>1</alpha>
<beta>454.684</beta>
<delta>0.0172437</delta>
<F>0.00227871</F>
<AccSAMS>0.096319</AccSAMS>
<AccMS>0.139305</AccMS>
<AccIndiv>0.0234195</AccIndiv>
<AccHyper>0.665367</AccHyper>
<Number>69000</Number>
</Iteration>
<Iteration>
<Pop>(MMN,FMW,ALV,BDSN,XCL,FLAC,GIW,MP_04,DGL,CH413,CFHF_01,NOU,LOG,NAS,MCCH_02,AVX,CAS,DVD,KTV,MPW,WAV,CH116,JPG,L1S)(HMM,XBF,BLM)</Pop>
<Posterior>-1349847.5565716214478015899658203</Posterior>
<K>2</K>
<alpha>1</alpha>
<beta>5131.25</beta>
<delta>0.0123418</delta>
<F>0.000202338</F>
<AccSAMS>0.0955082</AccSAMS>
<AccMS>0.139767</AccMS>
<AccIndiv>0.02323</AccIndiv>
<AccHyper>0.666397</AccHyper>
<Number>70000</Number>
</Iteration>
<Iteration>
<Pop>(BDSN,KTV,CH413,ALV,L1S,FMW,CAS,XCL,MCCH_02,LOG,GIW,BLM,CH116,WAV,AVX,FLAC,JPG,DGL,MP_04,DVD,NOU,MPW,MMN,NAS,CFHF_01)(XBF,HMM)</Pop>
<Posterior>-1349844.9301018740516155958175659</Posterior>
<K>2</K>
<alpha>1</alpha>
<beta>4929.16</beta>
<delta>0.0129053</delta>
<F>0.000210632</F>
<AccSAMS>0.0963257</AccSAMS>
<AccMS>0.140259</AccMS>
<AccIndiv>0.0240514</AccIndiv>
<AccHyper>0.666467</AccHyper>
<Number>71000</Number>
</Iteration>
<Iteration>
<Pop>(MP_04,AVX,JPG,DVD,LOG,FLAC,KTV,WAV)(GIW,MMN,L1S,BLM,DGL,MCCH_02,CFHF_01,HMM,CH116,XCL,MPW,BDSN,CH413,NOU,ALV,CAS,FMW,NAS,XBF)</Pop>
<Posterior>-1349849.2156224315986037254333496</Posterior>
<K>2</K>
<alpha>1</alpha>
<beta>3926.61</beta>
<delta>0.0176248</delta>
<F>0.000264397</F>
<AccSAMS>0.097001</AccSAMS>
<AccMS>0.140533</AccMS>
<AccIndiv>0.0247124</AccIndiv>
<AccHyper>0.666404</AccHyper>
<Number>72000</Number>
</Iteration>
<Iteration>
<Pop>(HMM,XBF)(KTV,CFHF_01,CAS,DVD,FMW,CH116,GIW,DGL,FLAC,BLM,CH413,MCCH_02,MP_04,LOG,MPW,WAV,L1S,AVX,BDSN,NAS,XCL,MMN,NOU,JPG,ALV)</Pop>
<Posterior>-1349844.2257026194129139184951782</Posterior>
<K>2</K>
<alpha>1</alpha>
<beta>622.022</beta>
<delta>0.00530674</delta>
<F>0.00166671</F>
<AccSAMS>0.0974775</AccSAMS>
<AccMS>0.141263</AccMS>
<AccIndiv>0.025041</AccIndiv>
<AccHyper>0.665177</AccHyper>
<Number>73000</Number>
</Iteration>
<Iteration>
<Pop>(JPG,CAS,GIW,LOG,WAV,BDSN,ALV,MMN,MPW,MCCH_02,AVX,FMW,XCL,KTV,BLM,DGL,CH116,CH413,DVD,NAS,NOU,L1S,CFHF_01,FLAC,MP_04)(XBF,HMM)</Pop>
<Posterior>-1349844.4705758271738886833190918</Posterior>
<K>2</K>
<alpha>1</alpha>
<beta>846.458</beta>
<delta>0.0426923</delta>
<F>0.00122533</F>
<AccSAMS>0.0978797</AccSAMS>
<AccMS>0.141881</AccMS>
<AccIndiv>0.0253458</AccIndiv>
<AccHyper>0.665707</AccHyper>
<Number>74000</Number>
</Iteration>
<Iteration>
<Pop>(XBF,HMM)(BDSN,GIW,AVX,NAS,ALV,WAV,CAS,MP_04,BLM,KTV,MCCH_02,CFHF_01,LOG,FMW,MPW,DVD,NOU,FLAC,DGL,MMN,CH413,JPG,XCL,L1S,CH116)</Pop>
<Posterior>-1349846.0161745531950145959854126</Posterior>
<K>2</K>
<alpha>1</alpha>
<beta>156.412</beta>
<delta>0.0045357</delta>
<F>0.00659546</F>
<AccSAMS>0.0980568</AccSAMS>
<AccMS>0.141672</AccMS>
<AccIndiv>0.0252634</AccIndiv>
<AccHyper>0.666414</AccHyper>
<Number>75000</Number>
</Iteration>
<Iteration>
<Pop>(MCCH_02,LOG,JPG,CFHF_01,XBF,ALV,BDSN,CH413,BLM,DVD,MPW,HMM,NAS,CH116,FLAC,NOU,AVX,CAS,WAV,XCL,GIW,FMW,DGL,L1S,MP_04,KTV,MMN)</Pop>
<Posterior>-1349846.1606489510741084814071655</Posterior>
<K>1</K>
<alpha>1</alpha>
<beta>180.976</beta>
<delta>0.00883803</delta>
<F>0.00570536</F>
<AccSAMS>0.0983558</AccSAMS>
<AccMS>0.142029</AccMS>
<AccIndiv>0.0250565</AccIndiv>
<AccHyper>0.667165</AccHyper>
<Number>76000</Number>
</Iteration>
<Iteration>
<Pop>(L1S,KTV,JPG,ALV,MMN,MP_04,XCL,FMW,DGL,DVD,BDSN,NOU,CH116,GIW,AVX,FLAC,MPW,MCCH_02,CAS,WAV,NAS,BLM,HMM,CH413,XBF,LOG,CFHF_01)</Pop>
<Posterior>-1349846.1606489510741084814071655</Posterior>
<K>1</K>
<alpha>1</alpha>
<beta>99.8986</beta>
<delta>0.0196444</delta>
<F>0.0102882</F>
<AccSAMS>0.0982195</AccSAMS>
<AccMS>0.141668</AccMS>
<AccIndiv>0.024839</AccIndiv>
<AccHyper>0.668144</AccHyper>
<Number>77000</Number>
</Iteration>
<Iteration>
<Pop>(BDSN,BLM,MMN,CH116,NAS,DGL,MP_04,XCL,CAS,CFHF_01,KTV,HMM,WAV,MPW,JPG,FMW,DVD,AVX,NOU,L1S,GIW,CH413,MCCH_02,XBF,ALV,LOG,FLAC)</Pop>
<Posterior>-1349846.1606489510741084814071655</Posterior>
<K>1</K>
<alpha>1</alpha>
<beta>54.4706</beta>
<delta>0.000278677</delta>
<F>0.0187079</F>
<AccSAMS>0.0977462</AccSAMS>
<AccMS>0.140943</AccMS>
<AccIndiv>0.0247319</AccIndiv>
<AccHyper>0.669406</AccHyper>
<Number>78000</Number>
</Iteration>
<Iteration>
<Pop>(FMW)(DVD,WAV,JPG,ALV,BLM,HMM,AVX,KTV,MCCH_02,MMN,XBF,L1S,MP_04)(NAS,LOG,GIW,BDSN,DGL,XCL,CAS,NOU,CFHF_01,CH413,MPW,FLAC,CH116)</Pop>
<Posterior>-1349855.0759502905420958995819092</Posterior>
<K>3</K>
<alpha>1</alpha>
<beta>863.741</beta>
<delta>0.0196939</delta>
<F>0.00120084</F>
<AccSAMS>0.0978547</AccSAMS>
<AccMS>0.140991</AccMS>
<AccIndiv>0.0247744</AccIndiv>
<AccHyper>0.669614</AccHyper>
<Number>79000</Number>
</Iteration>
<Iteration>
<Pop>(DVD,CH116,MCCH_02,MPW,DGL,GIW,CH413,NOU,XCL,KTV,BDSN,ALV,MMN,LOG,BLM,FMW,CAS,WAV,NAS,MP_04,L1S,JPG,FLAC,AVX,CFHF_01,XBF,HMM)</Pop>
<Posterior>-1349846.1606489510741084814071655</Posterior>
<K>1</K>
<alpha>1</alpha>
<beta>51.0527</beta>
<delta>0.00547714</delta>
<F>0.0199354</F>
<AccSAMS>0.0977281</AccSAMS>
<AccMS>0.140843</AccMS>
<AccIndiv>0.0247579</AccIndiv>
<AccHyper>0.669042</AccHyper>
<Number>80000</Number>
</Iteration>
<Iteration>
<Pop>(MCCH_02,MP_04,XCL,L1S,CFHF_01,DGL,CH413,HMM,WAV,ALV,JPG,CAS,FLAC,NAS,CH116,AVX,DVD,GIW,BDSN,NOU,FMW,KTV,LOG,BLM,MMN,XBF,MPW)</Pop>
<Posterior>-1349846.160648952005431056022644</Posterior>
<K>1</K>
<alpha>1</alpha>
<beta>291.119</beta>
<delta>0.0150739</delta>
<F>0.00355444</F>
<AccSAMS>0.0973069</AccSAMS>
<AccMS>0.14047</AccMS>
<AccIndiv>0.0244527</AccIndiv>
<AccHyper>0.668015</AccHyper>
<Number>81000</Number>
</Iteration>
<Iteration>
<Pop>(L1S,JPG,NOU)(HMM,XBF)(ALV,WAV,CFHF_01,GIW,CAS,KTV,NAS,BDSN,FMW,CH413,XCL,MMN,CH116,DVD,BLM,DGL,LOG,AVX,MCCH_02,MPW,FLAC,MP_04)</Pop>
<Posterior>-1349849.0710535810794681310653687</Posterior>
<K>3</K>
<alpha>1</alpha>
<beta>1530.06</beta>
<delta>0.00619147</delta>
<F>0.000678242</F>
<AccSAMS>0.0978542</AccSAMS>
<AccMS>0.140225</AccMS>
<AccIndiv>0.0244153</AccIndiv>
<AccHyper>0.666377</AccHyper>
<Number>82000</Number>
</Iteration>
<Iteration>
<Pop>(FMW,MPW,DGL,L1S,FLAC,AVX,DVD,WAV,MMN,MCCH_02,ALV,JPG,MP_04,NOU,BDSN,CH413,CAS,CFHF_01,NAS,KTV,BLM,LOG,XCL,GIW,CH116)(XBF,HMM)</Pop>
<Posterior>-1349845.0576602099463343620300293</Posterior>
<K>2</K>
<alpha>1</alpha>
<beta>487.848</beta>
<delta>0.0078725</delta>
<F>0.00212413</F>
<AccSAMS>0.097829</AccSAMS>
<AccMS>0.14048</AccMS>
<AccIndiv>0.0245588</AccIndiv>
<AccHyper>0.665637</AccHyper>
<Number>83000</Number>
</Iteration>
<Iteration>
<Pop>(XBF,HMM)(CH116,CAS,XCL,AVX,MCCH_02,FMW,WAV,CFHF_01,DVD,ALV,KTV,BLM,GIW,BDSN,FLAC,MPW,NAS,JPG,CH413,NOU,MMN,DGL,L1S,LOG,MP_04)</Pop>
<Posterior>-1349846.1817272186744958162307739</Posterior>
<K>2</K>
<alpha>1</alpha>
<beta>73.4521</beta>
<delta>0.0136163</delta>
<F>0.0139408</F>
<AccSAMS>0.0978128</AccSAMS>
<AccMS>0.140613</AccMS>
<AccIndiv>0.0245032</AccIndiv>
<AccHyper>0.666497</AccHyper>
<Number>84000</Number>
</Iteration>
<Iteration>
<Pop>(HMM,XBF)(MCCH_02,MMN,FLAC,BDSN,NAS,NOU,CFHF_01,XCL,GIW,CH116,DGL,ALV,MPW,FMW,JPG,L1S,DVD,KTV,LOG,WAV,CAS,BLM,AVX,CH413,MP_04)</Pop>
<Posterior>-1349844.8363455957733094692230225</Posterior>
<K>2</K>
<alpha>1</alpha>
<beta>232.982</beta>
<delta>0.0492694</delta>
<F>0.00443747</F>
<AccSAMS>0.0972605</AccSAMS>
<AccMS>0.140226</AccMS>
<AccIndiv>0.0244674</AccIndiv>
<AccHyper>0.666555</AccHyper>
<Number>85000</Number>
</Iteration>
<Iteration>
<Pop>(MMN,JPG,DGL,DVD,KTV,GIW,LOG,BDSN,WAV,MP_04,L1S,BLM,XCL,ALV,CH413,MCCH_02,MPW,FLAC,AVX,CFHF_01,FMW,CH116,CAS,NOU,NAS)(XBF,HMM)</Pop>
<Posterior>-1349845.0153275635093450546264648</Posterior>
<K>2</K>
<alpha>1</alpha>
<beta>2079.31</beta>
<delta>0.0197148</delta>
<F>0.000499175</F>
<AccSAMS>0.0978249</AccSAMS>
<AccMS>0.14067</AccMS>
<AccIndiv>0.0246532</AccIndiv>
<AccHyper>0.666114</AccHyper>
<Number>86000</Number>
</Iteration>
<Iteration>
<Pop>(HMM,XBF)(WAV,KTV,L1S,DVD,ALV,FLAC,CH116,NAS,XCL,FMW,CAS,MMN,BLM,NOU,DGL,BDSN,LOG,CH413,MCCH_02,CFHF_01,MPW,GIW,JPG,AVX,MP_04)</Pop>
<Posterior>-1349845.2859352771192789077758789</Posterior>
<K>2</K>
<alpha>1</alpha>
<beta>323.519</beta>
<delta>0.0425288</delta>
<F>0.00319961</F>
<AccSAMS>0.0973523</AccSAMS>
<AccMS>0.140838</AccMS>
<AccIndiv>0.0246748</AccIndiv>
<AccHyper>0.666229</AccHyper>
<Number>87000</Number>
</Iteration>
<Iteration>
<Pop>(FMW,CH413,JPG,WAV,CH116,KTV,HMM,FLAC,ALV,NOU,CAS,XBF,BLM,NAS,MPW,DVD,DGL,L1S,MCCH_02,MP_04,BDSN,AVX,MMN,GIW,XCL,LOG,CFHF_01)</Pop>
<Posterior>-1349846.1606489506084471940994263</Posterior>
<K>1</K>
<alpha>1</alpha>
<beta>12594</beta>
<delta>0.0415256</delta>
<F>8.24498e-05</F>
<AccSAMS>0.0971132</AccSAMS>
<AccMS>0.140793</AccMS>
<AccIndiv>0.0244522</AccIndiv>
<AccHyper>0.664778</AccHyper>
<Number>88000</Number>
</Iteration>
<Iteration>
<Pop>(XCL,MP_04,BLM,ALV,MPW,FLAC,WAV,KTV,L1S,CH413,DVD,FMW,CFHF_01,NAS,GIW,JPG,MCCH_02,CAS,LOG,AVX,NOU,CH116,DGL,MMN,BDSN)(XBF,HMM)</Pop>
<Posterior>-1349844.6285870189312845468521118</Posterior>
<K>2</K>
<alpha>1</alpha>
<beta>973.246</beta>
<delta>0.0105383</delta>
<F>0.00106587</F>
<AccSAMS>0.0975997</AccSAMS>
<AccMS>0.140823</AccMS>
<AccIndiv>0.0246594</AccIndiv>
<AccHyper>0.664959</AccHyper>
<Number>89000</Number>
</Iteration>
<Iteration>
<Pop>(MP_04,CFHF_01,MCCH_02,HMM,GIW,CAS,ALV,MPW,AVX,JPG,MMN,NOU,WAV,XBF,KTV,LOG,NAS,CH116,DGL,FLAC,CH413,FMW,XCL,L1S)(BLM,DVD,BDSN)</Pop>
<Posterior>-1349852.6779261422343552112579346</Posterior>
<K>2</K>
<alpha>1</alpha>
<beta>316.807</beta>
<delta>0.00869628</delta>
<F>0.00326718</F>
<AccSAMS>0.0971484</AccSAMS>
<AccMS>0.140645</AccMS>
<AccIndiv>0.024478</AccIndiv>
<AccHyper>0.664131</AccHyper>
<Number>90000</Number>
</Iteration>
<Iteration>
<Pop>(FMW,DVD,JPG,CAS,NOU,KTV,ALV,AVX,CFHF_01,MMN,WAV,MP_04,FLAC,DGL,XCL,MCCH_02,NAS,MPW,CH116,CH413,BDSN,GIW,L1S,LOG,BLM)(XBF,HMM)</Pop>
<Posterior>-1349846.5385455144569277763366699</Posterior>
<K>2</K>
<alpha>1</alpha>
<beta>89.325</beta>
<delta>0.0139231</delta>
<F>0.011492</F>
<AccSAMS>0.0970702</AccSAMS>
<AccMS>0.140345</AccMS>
<AccIndiv>0.0244232</AccIndiv>
<AccHyper>0.6651</AccHyper>
<Number>91000</Number>
</Iteration>
<Iteration>
<Pop>(XCL,NAS,CH413,NOU,BDSN,CFHF_01)(GIW,MMN,HMM,XBF,L1S,CAS,MPW,DVD,BLM,JPG,MCCH_02,FMW,DGL,CH116,ALV)(LOG,KTV,FLAC,WAV,MP_04,AVX)</Pop>
<Posterior>-1349864.9482957464642822742462158</Posterior>
<K>3</K>
<alpha>1</alpha>
<beta>2105.06</beta>
<delta>0.000976056</delta>
<F>0.000493072</F>
<AccSAMS>0.0973439</AccSAMS>
<AccMS>0.14059</AccMS>
<AccIndiv>0.0243473</AccIndiv>
<AccHyper>0.665012</AccHyper>
<Number>92000</Number>
</Iteration>
<Iteration>
<Pop>(CAS,XBF,BLM,MCCH_02,CFHF_01,WAV,NOU,LOG,NAS,ALV,DGL,MPW,XCL,L1S,CH116,CH413,HMM,BDSN,MMN,FMW,KTV,GIW)(DVD,AVX,FLAC,MP_04,JPG)</Pop>
<Posterior>-1349852.4939245423302054405212402</Posterior>
<K>2</K>
<alpha>1</alpha>
<beta>7317.27</beta>
<delta>0.00537248</delta>
<F>0.000141899</F>
<AccSAMS>0.0974952</AccSAMS>
<AccMS>0.140487</AccMS>
<AccIndiv>0.0244055</AccIndiv>
<AccHyper>0.665286</AccHyper>
<Number>93000</Number>
</Iteration>
<Iteration>
<Pop>(XBF,BDSN,MPW,HMM,FLAC,AVX,MMN,MP_04,DVD,JPG,KTV,GIW,MCCH_02,ALV,FMW,L1S,WAV)(NOU,CH413,XCL,DGL,CH116,LOG,BLM,CAS,CFHF_01,NAS)</Pop>
<Posterior>-1349856.0679018979426473379135132</Posterior>
<K>2</K>
<alpha>1</alpha>
<beta>219.681</beta>
<delta>0.00991265</delta>
<F>0.00470488</F>
<AccSAMS>0.0978175</AccSAMS>
<AccMS>0.140462</AccMS>
<AccIndiv>0.0243709</AccIndiv>
<AccHyper>0.664952</AccHyper>
<Number>94000</Number>
</Iteration>
<Iteration>
<Pop>(HMM,XBF)(NOU,MMN,LOG,GIW,NAS,CH116,DVD,MCCH_02,KTV,CH413,CFHF_01,L1S,AVX,WAV,FLAC,XCL,MPW,BDSN,JPG,FMW,DGL,BLM,MP_04,ALV,CAS)</Pop>
<Posterior>-1349846.1313624004833400249481201</Posterior>
<K>2</K>
<alpha>1</alpha>
<beta>139.236</beta>
<delta>0.000424907</delta>
<F>0.00740304</F>
<AccSAMS>0.0977243</AccSAMS>
<AccMS>0.140439</AccMS>
<AccIndiv>0.0241732</AccIndiv>
<AccHyper>0.665518</AccHyper>
<Number>95000</Number>
</Iteration>
<Iteration>
<Pop>(HMM,XBF)(NAS,MPW,GIW,DGL,CH413,MMN,BLM,BDSN,AVX,WAV,NOU,FLAC,DVD,JPG,MP_04,L1S,ALV,CAS,CH116,MCCH_02,FMW,XCL,LOG,KTV,CFHF_01)</Pop>
<Posterior>-1349845.4958194065839052200317383</Posterior>
<K>2</K>
<alpha>1</alpha>
<beta>275.85</beta>
<delta>0.0116056</delta>
<F>0.00375046</F>
<AccSAMS>0.0970471</AccSAMS>
<AccMS>0.14033</AccMS>
<AccIndiv>0.0240297</AccIndiv>
<AccHyper>0.666518</AccHyper>
<Number>96000</Number>
</Iteration>
<Iteration>
<Pop>(HMM,XBF)(BLM,MCCH_02,WAV,ALV,DVD,MPW,KTV,MMN,FMW,MP_04,L1S,BDSN,JPG)(CFHF_01,FLAC,AVX,CAS,GIW,CH116,NOU,XCL,LOG,DGL,CH413,NAS)</Pop>
<Posterior>-1349847.7698843199759721755981445</Posterior>
<K>3</K>
<alpha>1</alpha>
<beta>5619.16</beta>
<delta>0.0531505</delta>
<F>0.000184773</F>
<AccSAMS>0.0969258</AccSAMS>
<AccMS>0.139969</AccMS>
<AccIndiv>0.0238756</AccIndiv>
<AccHyper>0.666422</AccHyper>
<Number>97000</Number>
</Iteration>
<Iteration>
<Pop>(KTV,BDSN,CFHF_01,AVX,WAV,MP_04,FMW,MMN,NAS,FLAC,DVD,GIW,L1S,JPG,MCCH_02,CH413,MPW,LOG,NOU,CAS,XCL,CH116,ALV,DGL)(BLM,XBF,HMM)</Pop>
<Posterior>-1349847.6861209722701460123062134</Posterior>
<K>2</K>
<alpha>1</alpha>
<beta>1154.87</beta>
<delta>0.00150068</delta>
<F>0.000898394</F>
<AccSAMS>0.0975594</AccSAMS>
<AccMS>0.140644</AccMS>
<AccIndiv>0.0242691</AccIndiv>
<AccHyper>0.666521</AccHyper>
<Number>98000</Number>
</Iteration>
<Iteration>
<Pop>(XBF,HMM)(DGL,MP_04,CH116,DVD,CH413,BDSN,AVX,MMN,MCCH_02,XCL,BLM,LOG,CFHF_01,GIW,FMW,JPG,CAS,L1S,NAS,WAV,ALV,NOU,KTV,FLAC,MPW)</Pop>
<Posterior>-1349844.8835064989980310201644897</Posterior>
<K>2</K>
<alpha>1</alpha>
<beta>194.61</beta>
<delta>0.0628607</delta>
<F>0.00530779</F>
<AccSAMS>0.0972159</AccSAMS>
<AccMS>0.140281</AccMS>
<AccIndiv>0.0241753</AccIndiv>
<AccHyper>0.666234</AccHyper>
<Number>99000</Number>
</Iteration>
<Iteration>
<Pop>(ALV,KTV,GIW,CFHF_01,JPG,NOU,L1S,FMW,BLM,CH413,CH116,MCCH_02,LOG,DGL,MMN,WAV,AVX,MP_04,XCL,DVD,FLAC,BDSN,CAS,MPW,NAS)(HMM,XBF)</Pop>
<Posterior>-1349844.8098627298604696989059448</Posterior>
<K>2</K>
<alpha>1</alpha>
<beta>589.124</beta>
<delta>0.0350239</delta>
<F>0.00175961</F>
<AccSAMS>0.0970811</AccSAMS>
<AccMS>0.140068</AccMS>
<AccIndiv>0.0240929</AccIndiv>
<AccHyper>0.666524</AccHyper>
<Number>100000</Number>
</Iteration>
</outputFile>
