<?xml version = '1.0' encoding = 'UTF-8'?>
<outputFile>
<header>
<runtype>MCMC</runtype>
<inflation>0.113281</inflation>
<burnin>100000</burnin>
<mcmclength>100000</mcmclength>
<skip>1000</skip>
<datafilename>./27/27_chunks.out</datafilename>
<copymodel>1</copymodel>
</header>
<comment>Command line: ./finestructure -x 100000 -y 100000 -z 1000 ./27/27_chunks.out ./27/27_chunks.mcmc.xml 
Version: finestructure build date May 12 2022 at 10:13:15
Seed: 594874411567336841</comment>
<Iteration>
<Pop>(GIW,MMN)(CH413,BLM,NAS)(CFHF_01,FMW,KTV,NOU,XBF)(MPW,BDSN,FLAC,MP_04,ALV,LOG,DGL,CAS,CH116,MCCH_02,HMM,XCL,L1S,JPG,AVX,WAV,DVD)</Pop>
<Posterior>-420060.14238129416480660438537598</Posterior>
<K>4</K>
<alpha>1</alpha>
<beta>7914.7</beta>
<delta>0.0208255</delta>
<F>0.000131188</F>
<AccSAMS>0</AccSAMS>
<AccMS>0</AccMS>
<AccIndiv>0</AccIndiv>
<AccHyper>0</AccHyper>
<Number>0</Number>
</Iteration>
<Iteration>
<Pop>(NAS)(LOG,KTV,NOU,XBF,FMW,CFHF_01,WAV)(BDSN,MMN,MCCH_02,ALV,DGL,L1S,HMM,FLAC,JPG,CH116,CH413,GIW,CAS,MPW,XCL,BLM,AVX,MP_04,DVD)</Pop>
<Posterior>-420052.66801313043106347322463989</Posterior>
<K>3</K>
<alpha>1</alpha>
<beta>446.186</beta>
<delta>0.00840282</delta>
<F>0.002322</F>
<AccSAMS>0.119355</AccSAMS>
<AccMS>0.2443</AccMS>
<AccIndiv>0.100946</AccIndiv>
<AccHyper>0.552239</AccHyper>
<Number>1000</Number>
</Iteration>
<Iteration>
<Pop>(NAS)(MP_04,FLAC,DVD,CFHF_01,KTV)(FMW,NOU)(BLM,JPG,HMM,BDSN,MPW,MCCH_02,WAV,MMN,CAS,AVX,DGL,L1S,GIW,XCL,ALV,CH413,CH116)(XBF,LOG)</Pop>
<Posterior>-420059.81553885218454524874687195</Posterior>
<K>5</K>
<alpha>1</alpha>
<beta>3692.21</beta>
<delta>0.0192483</delta>
<F>0.000281176</F>
<AccSAMS>0.122611</AccSAMS>
<AccMS>0.225284</AccMS>
<AccIndiv>0.085622</AccIndiv>
<AccHyper>0.562044</AccHyper>
<Number>2000</Number>
</Iteration>
<Iteration>
<Pop>(NAS)(FLAC,WAV,CFHF_01,KTV,XBF,LOG,NOU,FMW)(AVX,CAS,MMN,ALV,MCCH_02,L1S,DVD,DGL,CH413,MPW,CH116,GIW,BLM,BDSN,JPG,XCL,MP_04,HMM)</Pop>
<Posterior>-420054.35309410892659798264503479</Posterior>
<K>3</K>
<alpha>1</alpha>
<beta>329.605</beta>
<delta>0.0128908</delta>
<F>0.0031407</F>
<AccSAMS>0.118844</AccSAMS>
<AccMS>0.227126</AccMS>
<AccIndiv>0.0786885</AccIndiv>
<AccHyper>0.58296</AccHyper>
<Number>3000</Number>
</Iteration>
<Iteration>
<Pop>(MP_04)(DVD)(XBF,FLAC,WAV,CFHF_01,LOG,KTV)(MMN,FMW,HMM,CH413,NOU,GIW)(L1S,CH116,ALV,DGL,CAS,BLM,AVX,MCCH_02,MPW,XCL,BDSN,JPG)(NAS)</Pop>
<Posterior>-420065.15069436450721696019172668</Posterior>
<K>6</K>
<alpha>1</alpha>
<beta>3093.85</beta>
<delta>0.000321498</delta>
<F>0.000335539</F>
<AccSAMS>0.110839</AccSAMS>
<AccMS>0.221524</AccMS>
<AccIndiv>0.0704809</AccIndiv>
<AccHyper>0.576271</AccHyper>
<Number>4000</Number>
</Iteration>
<Iteration>
<Pop>(WAV)(NAS)(CFHF_01,XBF,LOG,KTV,FMW)(DGL,GIW,MMN,CH116,CAS,MCCH_02,BLM,CH413,L1S,ALV,AVX,BDSN,MPW,MP_04,NOU,HMM,FLAC,JPG,XCL)(DVD)</Pop>
<Posterior>-420057.69476373761426657438278198</Posterior>
<K>5</K>
<alpha>1</alpha>
<beta>2233.43</beta>
<delta>0.0202824</delta>
<F>0.000464743</F>
<AccSAMS>0.114494</AccSAMS>
<AccMS>0.227102</AccMS>
<AccIndiv>0.0709127</AccIndiv>
<AccHyper>0.571046</AccHyper>
<Number>5000</Number>
</Iteration>
<Iteration>
<Pop>(NAS)(KTV,FMW,CFHF_01,XBF,FLAC,LOG)(DGL,GIW,AVX,BLM,JPG,CH116,WAV,MCCH_02,MMN,HMM,L1S,CAS,MPW,BDSN,CH413,MP_04,XCL,NOU,ALV,DVD)</Pop>
<Posterior>-420051.28825044474797323346138</Posterior>
<K>3</K>
<alpha>1</alpha>
<beta>1454.28</beta>
<delta>0.0448407</delta>
<F>0.000713556</F>
<AccSAMS>0.111784</AccSAMS>
<AccMS>0.226484</AccMS>
<AccIndiv>0.0701468</AccIndiv>
<AccHyper>0.577878</AccHyper>
<Number>6000</Number>
</Iteration>
<Iteration>
<Pop>(NAS)(LOG,XBF,CFHF_01)(MCCH_02,GIW,MMN,DVD,FMW,ALV,KTV,XCL,CH116,L1S,MP_04,FLAC,CH413,NOU,JPG,MPW,BLM,BDSN,HMM,CAS,WAV,AVX,DGL)</Pop>
<Posterior>-420053.33976864302530884742736816</Posterior>
<K>3</K>
<alpha>1</alpha>
<beta>333.224</beta>
<delta>0.00984335</delta>
<F>0.00310671</F>
<AccSAMS>0.109813</AccSAMS>
<AccMS>0.221619</AccMS>
<AccIndiv>0.0685315</AccIndiv>
<AccHyper>0.574257</AccHyper>
<Number>7000</Number>
</Iteration>
<Iteration>
<Pop>(DVD,BLM)(NAS)(FLAC,CFHF_01,LOG)(AVX,CH413,NOU,MP_04)(XBF,WAV,KTV,FMW)(ALV,JPG,GIW,HMM,L1S,CH116,DGL,CAS,MMN,BDSN,XCL,MCCH_02,MPW)</Pop>
<Posterior>-420067.23501200485043227672576904</Posterior>
<K>6</K>
<alpha>1</alpha>
<beta>6757.18</beta>
<delta>0.0367806</delta>
<F>0.000153658</F>
<AccSAMS>0.114961</AccSAMS>
<AccMS>0.218975</AccMS>
<AccIndiv>0.0692308</AccIndiv>
<AccHyper>0.572414</AccHyper>
<Number>8000</Number>
</Iteration>
<Iteration>
<Pop>(NAS)(KTV,AVX,FLAC,CFHF_01,XBF,LOG,WAV,FMW)(MPW,NOU,MMN,CAS,GIW,XCL,L1S,HMM,BDSN,MCCH_02,ALV,JPG,CH116)(BLM,DGL,CH413,DVD,MP_04)</Pop>
<Posterior>-420055.33741116226883605122566223</Posterior>
<K>4</K>
<alpha>1</alpha>
<beta>2107.82</beta>
<delta>0.0411333</delta>
<F>0.000492423</F>
<AccSAMS>0.115301</AccSAMS>
<AccMS>0.226543</AccMS>
<AccIndiv>0.0695746</AccIndiv>
<AccHyper>0.564565</AccHyper>
<Number>9000</Number>
</Iteration>
<Iteration>
<Pop>(NAS)(FMW,MMN,GIW)(KTV,LOG,CFHF_01,XBF)(MCCH_02,ALV,JPG,MPW,HMM,XCL,BDSN,CH116,NOU,CAS)(BLM,MP_04,WAV,DVD,CH413,DGL,L1S,AVX,FLAC)</Pop>
<Posterior>-420054.82930678420234471559524536</Posterior>
<K>5</K>
<alpha>1</alpha>
<beta>2854.57</beta>
<delta>0.000577065</delta>
<F>0.000363655</F>
<AccSAMS>0.109406</AccSAMS>
<AccMS>0.223217</AccMS>
<AccIndiv>0.069896</AccIndiv>
<AccHyper>0.554348</AccHyper>
<Number>10000</Number>
</Iteration>
<Iteration>
<Pop>(MPW,CH116,BDSN,MP_04,GIW,CH413,AVX,DGL,DVD,XCL,WAV,BLM,MCCH_02)(NAS)(NOU,MMN,L1S,ALV,CAS,JPG,HMM)(XBF,KTV,LOG,FMW,CFHF_01,FLAC)</Pop>
<Posterior>-420062.13580210291547700762748718</Posterior>
<K>4</K>
<alpha>1</alpha>
<beta>1900.45</beta>
<delta>0.00137311</delta>
<F>0.000546127</F>
<AccSAMS>0.110616</AccSAMS>
<AccMS>0.223225</AccMS>
<AccIndiv>0.0722288</AccIndiv>
<AccHyper>0.549383</AccHyper>
<Number>11000</Number>
</Iteration>
<Iteration>
<Pop>(CFHF_01,XBF,KTV,LOG,FLAC)(CAS,AVX,BDSN,MCCH_02,MPW,DGL,FMW,ALV,DVD,L1S,NOU,JPG,CH116,GIW,MMN,XCL,CH413,HMM)(MP_04,NAS,WAV,BLM)</Pop>
<Posterior>-420056.341450787847861647605896</Posterior>
<K>3</K>
<alpha>1</alpha>
<beta>5168.43</beta>
<delta>0.0091417</delta>
<F>0.000200882</F>
<AccSAMS>0.113859</AccSAMS>
<AccMS>0.226774</AccMS>
<AccIndiv>0.074224</AccIndiv>
<AccHyper>0.54597</AccHyper>
<Number>12000</Number>
</Iteration>
<Iteration>
<Pop>(CAS)(NAS)(BDSN,JPG,MP_04,ALV,GIW,WAV,DGL,AVX,XCL,MMN,CH116,BLM,MPW,NOU,CH413,MCCH_02,DVD,L1S,FLAC,HMM)(XBF,LOG,CFHF_01,FMW,KTV)</Pop>
<Posterior>-420055.36736819043289870023727417</Posterior>
<K>4</K>
<alpha>1</alpha>
<beta>1926.45</beta>
<delta>0.00955377</delta>
<F>0.000538759</F>
<AccSAMS>0.117588</AccSAMS>
<AccMS>0.22926</AccMS>
<AccIndiv>0.0744522</AccIndiv>
<AccHyper>0.545738</AccHyper>
<Number>13000</Number>
</Iteration>
<Iteration>
<Pop>(NOU,MPW)(CFHF_01,FLAC)(MP_04,NAS)(GIW,BDSN,XCL,MCCH_02,AVX,FMW,CH413,ALV,JPG,DGL,MMN,CH116,DVD,BLM,L1S,HMM,WAV,CAS)(LOG,XBF,KTV)</Pop>
<Posterior>-420063.8499175125034525990486145</Posterior>
<K>5</K>
<alpha>1</alpha>
<beta>2601.62</beta>
<delta>0.00753235</delta>
<F>0.000398997</F>
<AccSAMS>0.119672</AccSAMS>
<AccMS>0.227973</AccMS>
<AccIndiv>0.0744314</AccIndiv>
<AccHyper>0.537342</AccHyper>
<Number>14000</Number>
</Iteration>
<Iteration>
<Pop>(CH413,DVD,NAS,CFHF_01,FLAC)(WAV,FMW,BLM,LOG)(BDSN,JPG,GIW,XBF,XCL,CAS,ALV,MP_04,MPW,AVX,CH116,MMN,DGL,MCCH_02,KTV,L1S,HMM,NOU)</Pop>
<Posterior>-420064.84285734250443056225776672</Posterior>
<K>3</K>
<alpha>1</alpha>
<beta>2350.85</beta>
<delta>0.00816447</delta>
<F>0.00044154</F>
<AccSAMS>0.128082</AccSAMS>
<AccMS>0.233305</AccMS>
<AccIndiv>0.0767914</AccIndiv>
<AccHyper>0.545867</AccHyper>
<Number>15000</Number>
</Iteration>
<Iteration>
<Pop>(WAV)(DVD,AVX,DGL)(NAS,BLM,MP_04)(KTV,LOG,XBF,CFHF_01,FLAC)(HMM,BDSN,JPG,FMW,MPW,CH413,L1S,XCL,GIW,MMN,NOU,MCCH_02,CAS,CH116,ALV)</Pop>
<Posterior>-420062.06361950590508058667182922</Posterior>
<K>5</K>
<alpha>1</alpha>
<beta>3054.31</beta>
<delta>0.010413</delta>
<F>0.000339881</F>
<AccSAMS>0.125713</AccSAMS>
<AccMS>0.232399</AccMS>
<AccIndiv>0.0756048</AccIndiv>
<AccHyper>0.55102</AccHyper>
<Number>16000</Number>
</Iteration>
<Iteration>
<Pop>(BLM,NAS)(AVX)(CFHF_01,DVD,FLAC,ALV,MP_04,WAV,KTV)(NOU,L1S,MMN,FMW,GIW,HMM,BDSN,LOG,XBF,JPG,CH116,CAS,CH413,XCL,MPW,MCCH_02,DGL)</Pop>
<Posterior>-420066.70037398126441985368728638</Posterior>
<K>4</K>
<alpha>1</alpha>
<beta>2239.79</beta>
<delta>0.0257305</delta>
<F>0.000463424</F>
<AccSAMS>0.126485</AccSAMS>
<AccMS>0.232541</AccMS>
<AccIndiv>0.0762469</AccIndiv>
<AccHyper>0.552716</AccHyper>
<Number>17000</Number>
</Iteration>
<Iteration>
<Pop>(NAS,CH413,BLM)(HMM,MP_04)(CFHF_01,KTV,XBF)(MMN,JPG,AVX,MPW,CH116,BDSN,FMW,LOG,FLAC,MCCH_02,DVD,DGL,XCL,L1S,CAS,GIW,WAV,NOU,ALV)</Pop>
<Posterior>-420059.93139728269306942820549011</Posterior>
<K>4</K>
<alpha>1</alpha>
<beta>3149.22</beta>
<delta>0.000191169</delta>
<F>0.000329641</F>
<AccSAMS>0.120939</AccSAMS>
<AccMS>0.229602</AccMS>
<AccIndiv>0.0743951</AccIndiv>
<AccHyper>0.555219</AccHyper>
<Number>18000</Number>
</Iteration>
<Iteration>
<Pop>(XBF)(CFHF_01,KTV,NOU)(NAS)(FMW,BLM,HMM,WAV,MP_04,LOG)(CH116,XCL,CH413,BDSN,CAS,MPW,GIW,FLAC,DGL,AVX,MMN,JPG,L1S,MCCH_02,ALV,DVD)</Pop>
<Posterior>-420059.68786035239463672041893005</Posterior>
<K>5</K>
<alpha>1</alpha>
<beta>6348.2</beta>
<delta>0.00650428</delta>
<F>0.000163556</F>
<AccSAMS>0.120348</AccSAMS>
<AccMS>0.228542</AccMS>
<AccIndiv>0.0735294</AccIndiv>
<AccHyper>0.559078</AccHyper>
<Number>19000</Number>
</Iteration>
<Iteration>
<Pop>(BLM,CH413,DVD,L1S,MP_04,DGL,WAV)(CFHF_01,FMW,LOG,XBF,FLAC,KTV)(NAS)(MPW,XCL,CAS,NOU,MMN,ALV,MCCH_02,BDSN,CH116,HMM,GIW,JPG,AVX)</Pop>
<Posterior>-420060.41415538598084822297096252</Posterior>
<K>4</K>
<alpha>1</alpha>
<beta>358.135</beta>
<delta>0.0177378</delta>
<F>0.00289123</F>
<AccSAMS>0.118886</AccSAMS>
<AccMS>0.227565</AccMS>
<AccIndiv>0.0724638</AccIndiv>
<AccHyper>0.560627</AccHyper>
<Number>20000</Number>
</Iteration>
<Iteration>
<Pop>(GIW,MP_04,CH413,NOU)(LOG,HMM,BLM,MPW,CFHF_01,FLAC,DVD,MMN,JPG,L1S,WAV,CAS,XBF,NAS,AVX,XCL,DGL,CH116,FMW,MCCH_02,BDSN,ALV,KTV)</Pop>
<Posterior>-420065.41171267395839095115661621</Posterior>
<K>2</K>
<alpha>1</alpha>
<beta>437.696</beta>
<delta>0.0449409</delta>
<F>0.00236693</F>
<AccSAMS>0.120018</AccSAMS>
<AccMS>0.229734</AccMS>
<AccIndiv>0.0735157</AccIndiv>
<AccHyper>0.559477</AccHyper>
<Number>21000</Number>
</Iteration>
<Iteration>
<Pop>(NAS)(WAV,BLM,HMM,FMW,MP_04)(XBF,FLAC,LOG,KTV)(CFHF_01,AVX,ALV,L1S,CAS,BDSN,CH413,CH116,DGL,MPW,DVD,MMN,JPG,GIW,XCL,MCCH_02,NOU)</Pop>
<Posterior>-420059.270942319068126380443573</Posterior>
<K>4</K>
<alpha>1</alpha>
<beta>5200.73</beta>
<delta>0.00886582</delta>
<F>0.000199635</F>
<AccSAMS>0.120252</AccSAMS>
<AccMS>0.227757</AccMS>
<AccIndiv>0.0729786</AccIndiv>
<AccHyper>0.56619</AccHyper>
<Number>22000</Number>
</Iteration>
<Iteration>
<Pop>(BLM,MP_04,NAS)(XBF,CFHF_01,LOG,KTV)(FMW,AVX,L1S,CAS,GIW,DGL,XCL,BDSN,MMN,NOU,HMM,DVD,WAV,CH413,FLAC,MCCH_02,JPG,CH116,ALV,MPW)</Pop>
<Posterior>-420054.80274568550521507859230042</Posterior>
<K>3</K>
<alpha>1</alpha>
<beta>1754.46</beta>
<delta>0.00127558</delta>
<F>0.000591542</F>
<AccSAMS>0.12114</AccSAMS>
<AccMS>0.228163</AccMS>
<AccIndiv>0.0729462</AccIndiv>
<AccHyper>0.56306</AccHyper>
<Number>23000</Number>
</Iteration>
<Iteration>
<Pop>(NOU)(CFHF_01,KTV,LOG,XBF)(NAS)(HMM,AVX,FMW,GIW,DVD,MP_04,L1S,CAS,MPW,BDSN,MMN,MCCH_02,WAV,CH116,XCL,JPG,DGL,FLAC,ALV)(BLM,CH413)</Pop>
<Posterior>-420058.94230756192700937390327454</Posterior>
<K>5</K>
<alpha>1</alpha>
<beta>6495.22</beta>
<delta>0.0177611</delta>
<F>0.000159854</F>
<AccSAMS>0.120467</AccSAMS>
<AccMS>0.228376</AccMS>
<AccIndiv>0.0721776</AccIndiv>
<AccHyper>0.565812</AccHyper>
<Number>24000</Number>
</Iteration>
<Iteration>
<Pop>(NAS)(XBF,FLAC,KTV,LOG)(XCL,HMM,MMN,CH116,BDSN,JPG,ALV,MCCH_02)(MPW,CFHF_01,WAV,NOU,FMW,DGL,BLM,GIW,CH413,MP_04,DVD,CAS,L1S,AVX)</Pop>
<Posterior>-420066.34766770561691373586654663</Posterior>
<K>4</K>
<alpha>1</alpha>
<beta>1731.98</beta>
<delta>0.00262229</delta>
<F>0.000599216</F>
<AccSAMS>0.12169</AccSAMS>
<AccMS>0.228402</AccMS>
<AccIndiv>0.071019</AccIndiv>
<AccHyper>0.563496</AccHyper>
<Number>25000</Number>
</Iteration>
<Iteration>
<Pop>(HMM,BDSN,WAV,CH116,MPW,AVX,DVD,DGL,L1S,CH413,FMW,JPG,XCL,GIW,FLAC,MCCH_02,MP_04,CAS,NOU,MMN,ALV)(LOG,KTV,XBF,CFHF_01)(NAS,BLM)</Pop>
<Posterior>-420051.97137579147238284349441528</Posterior>
<K>3</K>
<alpha>1</alpha>
<beta>1907.56</beta>
<delta>0.00665155</delta>
<F>0.000544091</F>
<AccSAMS>0.119587</AccSAMS>
<AccMS>0.227582</AccMS>
<AccIndiv>0.069686</AccIndiv>
<AccHyper>0.561738</AccHyper>
<Number>26000</Number>
</Iteration>
<Iteration>
<Pop>(CFHF_01)(HMM,JPG,XBF,NOU)(LOG,MP_04,DGL,KTV,MCCH_02,L1S,MMN,BLM,ALV,BDSN,FLAC,DVD,AVX,MPW,NAS,GIW,CAS,CH413,CH116,FMW,XCL,WAV)</Pop>
<Posterior>-420054.88081991637591272592544556</Posterior>
<K>3</K>
<alpha>1</alpha>
<beta>1258.53</beta>
<delta>0.00126657</delta>
<F>0.000824454</F>
<AccSAMS>0.119995</AccSAMS>
<AccMS>0.226656</AccMS>
<AccIndiv>0.0695768</AccIndiv>
<AccHyper>0.562437</AccHyper>
<Number>27000</Number>
</Iteration>
<Iteration>
<Pop>(XCL,DGL,BDSN,NAS,L1S,DVD,CH116,CH413,ALV,BLM,MMN,AVX,MCCH_02,FLAC)(NOU,JPG,HMM,XBF)(FMW,CAS,MPW,CFHF_01,WAV,KTV,MP_04,LOG,GIW)</Pop>
<Posterior>-420060.64350613538408651947975159</Posterior>
<K>3</K>
<alpha>1</alpha>
<beta>5095.27</beta>
<delta>0.0100504</delta>
<F>0.000203766</F>
<AccSAMS>0.119384</AccSAMS>
<AccMS>0.225436</AccMS>
<AccIndiv>0.0697809</AccIndiv>
<AccHyper>0.563672</AccHyper>
<Number>28000</Number>
</Iteration>
<Iteration>
<Pop>(NAS)(BLM,ALV,CH413,FLAC,DVD,MMN)(CFHF_01)(JPG,XCL,DGL,CAS,CH116,HMM,MCCH_02,MPW)(FMW,WAV,L1S,XBF,MP_04,LOG,AVX,BDSN,KTV,GIW,NOU)</Pop>
<Posterior>-420069.66273256146814674139022827</Posterior>
<K>5</K>
<alpha>1</alpha>
<beta>3685.49</beta>
<delta>0.00308314</delta>
<F>0.000281688</F>
<AccSAMS>0.119812</AccSAMS>
<AccMS>0.226367</AccMS>
<AccIndiv>0.0697909</AccIndiv>
<AccHyper>0.562051</AccHyper>
<Number>29000</Number>
</Iteration>
<Iteration>
<Pop>(NAS)(GIW,BLM,BDSN,NOU,ALV,MPW,DGL,JPG,L1S,MCCH_02,WAV,DVD,AVX,XCL,HMM,CH116,MP_04,CAS,CH413,FMW,MMN,FLAC)(XBF,CFHF_01,KTV,LOG)</Pop>
<Posterior>-420050.22739442012971267104148865</Posterior>
<K>3</K>
<alpha>1</alpha>
<beta>763.851</beta>
<delta>0.027446</delta>
<F>0.00135765</F>
<AccSAMS>0.11877</AccSAMS>
<AccMS>0.226441</AccMS>
<AccIndiv>0.0689057</AccIndiv>
<AccHyper>0.556227</AccHyper>
<Number>30000</Number>
</Iteration>
<Iteration>
<Pop>(ALV)(BDSN,DGL,XCL,DVD)(CFHF_01,AVX,MPW,JPG,CAS,MCCH_02)(NAS)(FMW,LOG,XBF,KTV,HMM,FLAC)(MMN,NOU,L1S,CH413,BLM,WAV,MP_04,CH116,GIW)</Pop>
<Posterior>-420075.39759546064306050539016724</Posterior>
<K>6</K>
<alpha>1</alpha>
<beta>23806.3</beta>
<delta>0.00386374</delta>
<F>4.3619e-05</F>
<AccSAMS>0.120763</AccSAMS>
<AccMS>0.228057</AccMS>
<AccIndiv>0.0697772</AccIndiv>
<AccHyper>0.556905</AccHyper>
<Number>31000</Number>
</Iteration>
<Iteration>
<Pop>(LOG,XBF,CFHF_01,FMW,KTV)(NAS)(CAS,MCCH_02,L1S,MPW,HMM,DVD,XCL,AVX,JPG,MP_04,GIW,NOU,CH413,BDSN,WAV,CH116,ALV,FLAC,MMN,DGL,BLM)</Pop>
<Posterior>-420049.71317094902042299509048462</Posterior>
<K>3</K>
<alpha>1</alpha>
<beta>1035.01</beta>
<delta>0.00973087</delta>
<F>0.00100232</F>
<AccSAMS>0.119564</AccSAMS>
<AccMS>0.227669</AccMS>
<AccIndiv>0.0686494</AccIndiv>
<AccHyper>0.556378</AccHyper>
<Number>32000</Number>
</Iteration>
<Iteration>
<Pop>(FLAC,CFHF_01)(MCCH_02,MMN,L1S,AVX,CH116,CAS,BDSN,NAS,GIW,LOG,BLM,DVD,XCL,DGL,WAV,CH413,MPW,KTV,MP_04,ALV)(FMW,XBF,HMM,NOU,JPG)</Pop>
<Posterior>-420061.02598915732232853770256042</Posterior>
<K>3</K>
<alpha>1</alpha>
<beta>1865.69</beta>
<delta>0.00663519</delta>
<F>0.000556297</F>
<AccSAMS>0.118022</AccSAMS>
<AccMS>0.22669</AccMS>
<AccIndiv>0.0684377</AccIndiv>
<AccHyper>0.554664</AccHyper>
<Number>33000</Number>
</Iteration>
<Iteration>
<Pop>(CAS,DGL,NOU,MMN,FLAC,GIW,CFHF_01,L1S,LOG,XBF,MCCH_02,DVD,ALV,FMW,CH116,JPG,WAV,MPW,CH413,XCL,MP_04,HMM,KTV,BDSN,AVX,NAS,BLM)</Pop>
<Posterior>-420053.41412309632869437336921692</Posterior>
<K>1</K>
<alpha>1</alpha>
<beta>210.071</beta>
<delta>0.00646073</delta>
<F>0.00491904</F>
<AccSAMS>0.117049</AccSAMS>
<AccMS>0.224075</AccMS>
<AccIndiv>0.0672487</AccIndiv>
<AccHyper>0.554646</AccHyper>
<Number>34000</Number>
</Iteration>
<Iteration>
<Pop>(LOG,MCCH_02)(DVD)(CH413,BLM,WAV,MP_04,L1S,NOU,CH116,ALV,HMM,NAS,GIW,CAS)(JPG,AVX,MMN,MPW,CFHF_01,FLAC,KTV,XBF)(BDSN,DGL,FMW,XCL)</Pop>
<Posterior>-420067.52246845711488276720046997</Posterior>
<K>5</K>
<alpha>1</alpha>
<beta>172029</beta>
<delta>0.00749063</delta>
<F>6.03647e-06</F>
<AccSAMS>0.121321</AccSAMS>
<AccMS>0.225126</AccMS>
<AccIndiv>0.0688274</AccIndiv>
<AccHyper>0.55873</AccHyper>
<Number>35000</Number>
</Iteration>
<Iteration>
<Pop>(XBF,BLM,MCCH_02,CH413,KTV,WAV,DGL,MP_04,DVD,L1S,CFHF_01,CAS,GIW,NAS,JPG,BDSN,ALV,MMN,XCL,FLAC,HMM,LOG,MPW,CH116,FMW,NOU,AVX)</Pop>
<Posterior>-420053.41412309644510969519615173</Posterior>
<K>1</K>
<alpha>1</alpha>
<beta>46.3462</beta>
<delta>0.00681415</delta>
<F>0.0219154</F>
<AccSAMS>0.123686</AccSAMS>
<AccMS>0.224688</AccMS>
<AccIndiv>0.0713511</AccIndiv>
<AccHyper>0.562934</AccHyper>
<Number>36000</Number>
</Iteration>
<Iteration>
<Pop>(NAS)(FMW,NOU,MPW)(MP_04,BLM)(CH116)(CFHF_01,XBF,KTV,FLAC,LOG)(GIW,CAS,ALV,CH413,XCL,AVX,MMN,BDSN,DVD,DGL,L1S,MCCH_02,HMM,JPG,WAV)</Pop>
<Posterior>-420067.17506637342739850282669067</Posterior>
<K>6</K>
<alpha>1</alpha>
<beta>11515.9</beta>
<delta>0.0144527</delta>
<F>9.01676e-05</F>
<AccSAMS>0.124104</AccSAMS>
<AccMS>0.224534</AccMS>
<AccIndiv>0.0714914</AccIndiv>
<AccHyper>0.56184</AccHyper>
<Number>37000</Number>
</Iteration>
<Iteration>
<Pop>(JPG,FMW,ALV,CH413,CH116,DVD,NOU,BDSN,HMM,MMN,XCL,WAV,L1S,MPW,CAS,AVX,MCCH_02,FLAC,MP_04,GIW,DGL)(BLM,NAS)(LOG,XBF,KTV,CFHF_01)</Pop>
<Posterior>-420052.84999261249322444200515747</Posterior>
<K>3</K>
<alpha>1</alpha>
<beta>349.898</beta>
<delta>0.000756222</delta>
<F>0.00295909</F>
<AccSAMS>0.123807</AccSAMS>
<AccMS>0.225861</AccMS>
<AccIndiv>0.0725096</AccIndiv>
<AccHyper>0.56025</AccHyper>
<Number>38000</Number>
</Iteration>
<Iteration>
<Pop>(XBF,KTV)(DVD)(FLAC,CFHF_01)(L1S,CAS,DGL,GIW,ALV,CH116,JPG,FMW,XCL,BDSN,MCCH_02,MMN,AVX,LOG,HMM,MPW,NOU)(CH413,WAV,MP_04,NAS,BLM)</Pop>
<Posterior>-420053.96040487993741407990455627</Posterior>
<K>5</K>
<alpha>1</alpha>
<beta>2898.98</beta>
<delta>0.0424349</delta>
<F>0.000358085</F>
<AccSAMS>0.123321</AccSAMS>
<AccMS>0.226141</AccMS>
<AccIndiv>0.071744</AccIndiv>
<AccHyper>0.560541</AccHyper>
<Number>39000</Number>
</Iteration>
<Iteration>
<Pop>(NOU,NAS,DGL)(XBF,LOG)(MMN,XCL,CH116,BLM,KTV,FMW,WAV,CH413,CFHF_01,GIW,DVD,FLAC,L1S,HMM,CAS,MPW,ALV,MP_04,MCCH_02,BDSN,JPG,AVX)</Pop>
<Posterior>-420055.41513981961179524660110474</Posterior>
<K>3</K>
<alpha>1</alpha>
<beta>1248.81</beta>
<delta>0.0229858</delta>
<F>0.000830865</F>
<AccSAMS>0.121626</AccSAMS>
<AccMS>0.224853</AccMS>
<AccIndiv>0.0703722</AccIndiv>
<AccHyper>0.561453</AccHyper>
<Number>40000</Number>
</Iteration>
<Iteration>
<Pop>(CFHF_01,LOG,KTV,XBF)(MMN,GIW,FMW)(NAS)(NOU,BDSN,HMM,ALV,MP_04,DVD,MCCH_02,MPW,FLAC,L1S,DGL,WAV,CAS,CH413,XCL,JPG,BLM,AVX,CH116)</Pop>
<Posterior>-420052.07359888317296281456947327</Posterior>
<K>4</K>
<alpha>1</alpha>
<beta>1503.85</beta>
<delta>0.0118919</delta>
<F>0.000690052</F>
<AccSAMS>0.122242</AccSAMS>
<AccMS>0.223823</AccMS>
<AccIndiv>0.0698521</AccIndiv>
<AccHyper>0.560122</AccHyper>
<Number>41000</Number>
</Iteration>
<Iteration>
<Pop>(NAS)(L1S,XCL,MP_04,ALV,DVD,MCCH_02,HMM,GIW,WAV,AVX,BDSN,MMN,MPW,CH116,DGL,BLM,CH413,CAS,JPG,FLAC)(FMW,NOU,CFHF_01,XBF,KTV,LOG)</Pop>
<Posterior>-420049.71418925048783421516418457</Posterior>
<K>3</K>
<alpha>1</alpha>
<beta>1332.9</beta>
<delta>0.00410882</delta>
<F>0.000778487</F>
<AccSAMS>0.121673</AccSAMS>
<AccMS>0.223216</AccMS>
<AccIndiv>0.0700317</AccIndiv>
<AccHyper>0.560822</AccHyper>
<Number>42000</Number>
</Iteration>
<Iteration>
<Pop>(NAS)(KTV,CFHF_01,XBF,LOG)(MPW,CAS,FMW,HMM,L1S,XCL,CH116,WAV,MCCH_02,CH413,FLAC,MMN,JPG,BDSN,NOU,BLM,MP_04,AVX,ALV,DGL,GIW,DVD)</Pop>
<Posterior>-420055.01589936693198978900909424</Posterior>
<K>3</K>
<alpha>1</alpha>
<beta>76.7518</beta>
<delta>0.0336714</delta>
<F>0.0133494</F>
<AccSAMS>0.120467</AccSAMS>
<AccMS>0.222745</AccMS>
<AccIndiv>0.0694738</AccIndiv>
<AccHyper>0.560999</AccHyper>
<Number>43000</Number>
</Iteration>
<Iteration>
<Pop>(WAV,MMN,XCL,ALV,CH413,CH116,AVX,KTV,XBF,FLAC,FMW,DGL,CFHF_01,MCCH_02,BDSN,BLM,GIW,LOG,MP_04,CAS,NAS,MPW,DVD)(HMM,L1S,NOU,JPG)</Pop>
<Posterior>-420056.78230410587275400757789612</Posterior>
<K>2</K>
<alpha>1</alpha>
<beta>171.874</beta>
<delta>0.00872793</delta>
<F>0.00600567</F>
<AccSAMS>0.119688</AccSAMS>
<AccMS>0.221517</AccMS>
<AccIndiv>0.0684689</AccIndiv>
<AccHyper>0.563469</AccHyper>
<Number>44000</Number>
</Iteration>
<Iteration>
<Pop>(FMW,MCCH_02,AVX,MMN,MPW,CFHF_01,KTV,FLAC,CH413,XBF,CAS,WAV,XCL,BDSN,NAS,DVD,JPG,NOU,ALV,MP_04,GIW,LOG,CH116,HMM,L1S,DGL)(BLM)</Pop>
<Posterior>-420057.03757663152646273374557495</Posterior>
<K>2</K>
<alpha>1</alpha>
<beta>213.719</beta>
<delta>0.013866</delta>
<F>0.00483547</F>
<AccSAMS>0.119126</AccSAMS>
<AccMS>0.221706</AccMS>
<AccIndiv>0.0678834</AccIndiv>
<AccHyper>0.564031</AccHyper>
<Number>45000</Number>
</Iteration>
<Iteration>
<Pop>(NAS)(MP_04,AVX,XCL,CH413,BDSN,BLM,FMW,MPW,WAV,L1S,FLAC,DVD,DGL,JPG,HMM,CH116,ALV,MCCH_02,CAS,GIW,MMN)(XBF,KTV,LOG,CFHF_01,NOU)</Pop>
<Posterior>-420051.91212672571418806910514832</Posterior>
<K>3</K>
<alpha>1</alpha>
<beta>1993.26</beta>
<delta>0.010774</delta>
<F>0.000520712</F>
<AccSAMS>0.118229</AccSAMS>
<AccMS>0.220169</AccMS>
<AccIndiv>0.0676877</AccIndiv>
<AccHyper>0.564095</AccHyper>
<Number>46000</Number>
</Iteration>
<Iteration>
<Pop>(NAS)(KTV,LOG,XBF,CFHF_01)(BLM)(DVD,XCL,DGL,MMN,L1S,NOU,WAV,JPG,MP_04,MPW,MCCH_02,BDSN,FMW,ALV,FLAC,CH413,AVX,HMM,CAS,CH116,GIW)</Pop>
<Posterior>-420055.62137178640114143490791321</Posterior>
<K>4</K>
<alpha>1</alpha>
<beta>526.197</beta>
<delta>0.00942509</delta>
<F>0.00196962</F>
<AccSAMS>0.117671</AccSAMS>
<AccMS>0.220472</AccMS>
<AccIndiv>0.0673296</AccIndiv>
<AccHyper>0.564171</AccHyper>
<Number>47000</Number>
</Iteration>
<Iteration>
<Pop>(WAV,BLM,HMM,FMW)(MP_04,LOG)(NOU,L1S,XBF,CFHF_01,MCCH_02,MMN,MPW,GIW,CH116,FLAC,AVX,JPG,XCL,CAS,CH413,NAS,BDSN,ALV,DGL,DVD,KTV)</Pop>
<Posterior>-420059.55270281608682125806808472</Posterior>
<K>3</K>
<alpha>1</alpha>
<beta>4096.16</beta>
<delta>0.0123247</delta>
<F>0.000253454</F>
<AccSAMS>0.119099</AccSAMS>
<AccMS>0.22091</AccMS>
<AccIndiv>0.067626</AccIndiv>
<AccHyper>0.565509</AccHyper>
<Number>48000</Number>
</Iteration>
<Iteration>
<Pop>(BLM)(NAS,LOG,MP_04)(HMM,JPG,NOU,L1S,CAS)(GIW,FLAC,MPW,CFHF_01,CH413,BDSN,AVX,KTV,DGL,XBF,WAV,MMN,MCCH_02,XCL,FMW,ALV,DVD,CH116)</Pop>
<Posterior>-420059.50736151379533112049102783</Posterior>
<K>4</K>
<alpha>1</alpha>
<beta>2384.78</beta>
<delta>0.0441882</delta>
<F>0.000435261</F>
<AccSAMS>0.121995</AccSAMS>
<AccMS>0.223019</AccMS>
<AccIndiv>0.0695905</AccIndiv>
<AccHyper>0.566038</AccHyper>
<Number>49000</Number>
</Iteration>
<Iteration>
<Pop>(NAS)(NOU,CFHF_01)(XBF,LOG,KTV,FLAC,FMW)(MMN,AVX,BLM,L1S,GIW,CH413,WAV,DGL,MP_04,DVD)(BDSN,CAS,ALV,CH116,HMM,XCL,MCCH_02,JPG,MPW)</Pop>
<Posterior>-420060.4435447470750659704208374</Posterior>
<K>5</K>
<alpha>1</alpha>
<beta>1187.25</beta>
<delta>0.013097</delta>
<F>0.00087391</F>
<AccSAMS>0.124444</AccSAMS>
<AccMS>0.225071</AccMS>
<AccIndiv>0.0714842</AccIndiv>
<AccHyper>0.56264</AccHyper>
<Number>50000</Number>
</Iteration>
<Iteration>
<Pop>(NOU,CFHF_01)(LOG,NAS)(XBF,KTV,FLAC,CH116,L1S,BDSN,MP_04,DVD,FMW,ALV,DGL,MMN,HMM,CH413,MPW,MCCH_02,CAS,WAV,AVX,BLM,GIW,JPG,XCL)</Pop>
<Posterior>-420056.00702066766098141670227051</Posterior>
<K>3</K>
<alpha>1</alpha>
<beta>638.04</beta>
<delta>0.00774044</delta>
<F>0.00162492</F>
<AccSAMS>0.124129</AccSAMS>
<AccMS>0.224574</AccMS>
<AccIndiv>0.0709616</AccIndiv>
<AccHyper>0.564392</AccHyper>
<Number>51000</Number>
</Iteration>
<Iteration>
<Pop>(MP_04,NOU,CFHF_01)(MCCH_02,MMN,DVD,NAS,GIW,MPW,DGL,AVX,KTV,FMW,BLM,WAV,XCL,BDSN,FLAC,L1S,LOG,CAS,XBF,CH413,HMM,JPG,ALV,CH116)</Pop>
<Posterior>-420061.05504169448977336287498474</Posterior>
<K>2</K>
<alpha>1</alpha>
<beta>243.946</beta>
<delta>0.00914277</delta>
<F>0.00423886</F>
<AccSAMS>0.123834</AccSAMS>
<AccMS>0.224158</AccMS>
<AccIndiv>0.0706964</AccIndiv>
<AccHyper>0.566242</AccHyper>
<Number>52000</Number>
</Iteration>
<Iteration>
<Pop>(FLAC,CFHF_01,DVD,ALV,L1S,MMN,NOU,XBF,WAV,LOG,FMW,JPG,CH116,MPW,BDSN,KTV,CAS,DGL,HMM,GIW,XCL,BLM,MCCH_02,CH413,AVX,NAS,MP_04)</Pop>
<Posterior>-420053.41412309656152501702308655</Posterior>
<K>1</K>
<alpha>1</alpha>
<beta>141.345</beta>
<delta>0.00888058</delta>
<F>0.00729334</F>
<AccSAMS>0.124284</AccSAMS>
<AccMS>0.224277</AccMS>
<AccIndiv>0.0701829</AccIndiv>
<AccHyper>0.566755</AccHyper>
<Number>53000</Number>
</Iteration>
<Iteration>
<Pop>(NAS)(DVD,GIW,CH413)(XBF,KTV,FMW,CFHF_01,LOG)(NOU,MP_04,BLM,L1S,WAV)(JPG,MMN,MCCH_02,HMM,MPW,FLAC,AVX,CAS,DGL,CH116,XCL,BDSN,ALV)</Pop>
<Posterior>-420061.78004857210908085107803345</Posterior>
<K>5</K>
<alpha>1</alpha>
<beta>2496.47</beta>
<delta>0.0108899</delta>
<F>0.000415796</F>
<AccSAMS>0.12521</AccSAMS>
<AccMS>0.224887</AccMS>
<AccIndiv>0.0709538</AccIndiv>
<AccHyper>0.56439</AccHyper>
<Number>54000</Number>
</Iteration>
<Iteration>
<Pop>(BLM)(NAS)(GIW,JPG,ALV,L1S,MP_04,MPW,AVX,MMN,CH116,WAV,CH413,XCL,MCCH_02,DGL,BDSN,DVD,HMM,CAS)(XBF,CFHF_01,FMW,FLAC,KTV,NOU,LOG)</Pop>
<Posterior>-420054.23765682405792176723480225</Posterior>
<K>4</K>
<alpha>1</alpha>
<beta>1902.52</beta>
<delta>0.0205642</delta>
<F>0.000545533</F>
<AccSAMS>0.12411</AccSAMS>
<AccMS>0.224823</AccMS>
<AccIndiv>0.0710129</AccIndiv>
<AccHyper>0.565385</AccHyper>
<Number>55000</Number>
</Iteration>
<Iteration>
<Pop>(GIW,ALV)(BLM,KTV)(WAV,NOU,CFHF_01,DGL,FLAC,XBF,JPG,MPW,FMW,XCL,CH413,CH116,MCCH_02,MP_04,L1S,NAS,MMN,HMM,DVD,LOG,AVX,BDSN,CAS)</Pop>
<Posterior>-420065.26841484761098399758338928</Posterior>
<K>3</K>
<alpha>1</alpha>
<beta>7149.27</beta>
<delta>0.0172683</delta>
<F>0.000145232</F>
<AccSAMS>0.125152</AccSAMS>
<AccMS>0.226457</AccMS>
<AccIndiv>0.0724931</AccIndiv>
<AccHyper>0.566332</AccHyper>
<Number>56000</Number>
</Iteration>
<Iteration>
<Pop>(DVD)(GIW)(NOU,CFHF_01)(BLM,JPG,NAS,L1S,MPW,MCCH_02)(XCL,XBF,DGL,FLAC,BDSN,MMN,KTV,CH413)(MP_04,FMW,CH116,AVX,LOG,CAS,ALV,WAV,HMM)</Pop>
<Posterior>-420076.43880573444766923785209656</Posterior>
<K>6</K>
<alpha>1</alpha>
<beta>14316.4</beta>
<delta>0.00722904</delta>
<F>7.25306e-05</F>
<AccSAMS>0.12786</AccSAMS>
<AccMS>0.228338</AccMS>
<AccIndiv>0.0737947</AccIndiv>
<AccHyper>0.567648</AccHyper>
<Number>57000</Number>
</Iteration>
<Iteration>
<Pop>(NAS,BLM)(L1S,MPW,FLAC,JPG,GIW,MMN,DVD,AVX,BDSN,XCL,MCCH_02)(HMM,CAS,CH116,WAV,FMW,CH413,ALV,DGL,MP_04,NOU)(XBF,KTV,LOG,CFHF_01)</Pop>
<Posterior>-420065.71155356930103152990341187</Posterior>
<K>4</K>
<alpha>1</alpha>
<beta>2352.52</beta>
<delta>0.00310995</delta>
<F>0.000441227</F>
<AccSAMS>0.12793</AccSAMS>
<AccMS>0.227946</AccMS>
<AccIndiv>0.0740906</AccIndiv>
<AccHyper>0.569559</AccHyper>
<Number>58000</Number>
</Iteration>
<Iteration>
<Pop>(NAS)(LOG,KTV,CFHF_01,FMW,FLAC,XBF)(L1S,AVX,GIW,MMN,DVD,DGL)(BDSN,MPW,HMM,XCL,CAS,ALV,CH116,MCCH_02,NOU,JPG)(BLM,MP_04,WAV,CH413)</Pop>
<Posterior>-420057.84155647677835077047348022</Posterior>
<K>5</K>
<alpha>1</alpha>
<beta>3941</beta>
<delta>0.00259987</delta>
<F>0.00026343</F>
<AccSAMS>0.127546</AccSAMS>
<AccMS>0.227883</AccMS>
<AccIndiv>0.0741004</AccIndiv>
<AccHyper>0.568772</AccHyper>
<Number>59000</Number>
</Iteration>
<Iteration>
<Pop>(LOG,FMW,XBF,KTV,CFHF_01)(NAS)(MP_04,AVX,HMM,BDSN,NOU,JPG,MCCH_02,GIW,XCL,CAS,FLAC,DVD,ALV,CH116,MMN,MPW)(BLM,L1S,CH413,DGL,WAV)</Pop>
<Posterior>-420057.32509134302381426095962524</Posterior>
<K>4</K>
<alpha>1</alpha>
<beta>1435.61</beta>
<delta>0.00976905</delta>
<F>0.000722829</F>
<AccSAMS>0.127478</AccSAMS>
<AccMS>0.228702</AccMS>
<AccIndiv>0.0738967</AccIndiv>
<AccHyper>0.569353</AccHyper>
<Number>60000</Number>
</Iteration>
<Iteration>
<Pop>(NAS)(CFHF_01,XBF,LOG)(MMN,BDSN,JPG,XCL,CAS,NOU,MPW,AVX,CH116,FMW,DVD,BLM,MP_04,MCCH_02,KTV,WAV,CH413,HMM,DGL,ALV,GIW,L1S,FLAC)</Pop>
<Posterior>-420051.88529169018147513270378113</Posterior>
<K>3</K>
<alpha>1</alpha>
<beta>2445.08</beta>
<delta>0.033976</delta>
<F>0.000424531</F>
<AccSAMS>0.127238</AccSAMS>
<AccMS>0.228408</AccMS>
<AccIndiv>0.0735061</AccIndiv>
<AccHyper>0.569979</AccHyper>
<Number>61000</Number>
</Iteration>
<Iteration>
<Pop>(NAS)(MPW,CH413,MMN,DGL,DVD,FMW,GIW)(LOG,WAV,FLAC,KTV,XBF,CFHF_01)(ALV,MCCH_02,CAS,L1S,AVX,JPG,CH116,HMM,BDSN,XCL)(NOU,BLM,MP_04)</Pop>
<Posterior>-420069.79750329663511365652084351</Posterior>
<K>5</K>
<alpha>1</alpha>
<beta>8987.05</beta>
<delta>0.0179458</delta>
<F>0.000115537</F>
<AccSAMS>0.127136</AccSAMS>
<AccMS>0.228407</AccMS>
<AccIndiv>0.0736021</AccIndiv>
<AccHyper>0.569934</AccHyper>
<Number>62000</Number>
</Iteration>
<Iteration>
<Pop>(NAS)(XBF,LOG,CFHF_01,KTV)(DGL,NOU,MCCH_02,MMN,WAV,FLAC,L1S,FMW,GIW,MP_04,ALV,HMM,BLM,CH413,MPW,JPG,AVX,DVD,CH116,BDSN,XCL,CAS)</Pop>
<Posterior>-420052.81974947010166943073272705</Posterior>
<K>3</K>
<alpha>1</alpha>
<beta>203.395</beta>
<delta>5.83792e-05</delta>
<F>0.00507965</F>
<AccSAMS>0.127643</AccSAMS>
<AccMS>0.228326</AccMS>
<AccIndiv>0.0733057</AccIndiv>
<AccHyper>0.572358</AccHyper>
<Number>63000</Number>
</Iteration>
<Iteration>
<Pop>(NAS)(BLM)(XBF,LOG,KTV,CFHF_01)(ALV,MCCH_02,MMN,FLAC,CH116,DGL,NOU,BDSN,HMM,XCL,FMW,AVX,L1S,MPW,DVD,WAV,CAS,CH413,GIW,MP_04,JPG)</Pop>
<Posterior>-420052.94250854646088555455207825</Posterior>
<K>4</K>
<alpha>1</alpha>
<beta>1036.17</beta>
<delta>0.00186311</delta>
<F>0.0010012</F>
<AccSAMS>0.126121</AccSAMS>
<AccMS>0.228208</AccMS>
<AccIndiv>0.0728631</AccIndiv>
<AccHyper>0.573386</AccHyper>
<Number>64000</Number>
</Iteration>
<Iteration>
<Pop>(NAS)(FLAC,XBF,FMW,LOG,KTV,CFHF_01)(DGL,BLM,AVX,CAS,NOU,WAV,CH116,DVD,CH413,MP_04,ALV,BDSN,HMM,L1S,MCCH_02,GIW,XCL)(MMN,MPW,JPG)</Pop>
<Posterior>-420058.67314916697796434164047241</Posterior>
<K>4</K>
<alpha>1</alpha>
<beta>2511.04</beta>
<delta>0.0350877</delta>
<F>0.000413384</F>
<AccSAMS>0.126104</AccSAMS>
<AccMS>0.22825</AccMS>
<AccIndiv>0.0724645</AccIndiv>
<AccHyper>0.573488</AccHyper>
<Number>65000</Number>
</Iteration>
<Iteration>
<Pop>(LOG,MP_04,NAS,HMM,WAV,CH413,FMW,BLM)(DVD,ALV,KTV,FLAC,XBF,AVX,L1S,CFHF_01,BDSN,MPW,MCCH_02,GIW,JPG,DGL,XCL,CAS,NOU,MMN,CH116)</Pop>
<Posterior>-420063.28735667886212468147277832</Posterior>
<K>2</K>
<alpha>1</alpha>
<beta>196.413</beta>
<delta>0.00226063</delta>
<F>0.00525928</F>
<AccSAMS>0.125736</AccSAMS>
<AccMS>0.228167</AccMS>
<AccIndiv>0.0724042</AccIndiv>
<AccHyper>0.573668</AccHyper>
<Number>66000</Number>
</Iteration>
<Iteration>
<Pop>(NAS)(HMM,CH413,WAV,L1S,BLM)(CFHF_01,NOU,KTV,XBF,LOG,FMW)(AVX,BDSN,CH116,MP_04,ALV,GIW,DVD,JPG,MCCH_02,FLAC,MPW,DGL,XCL,MMN,CAS)</Pop>
<Posterior>-420058.52476969454437494277954102</Posterior>
<K>4</K>
<alpha>1</alpha>
<beta>4922.99</beta>
<delta>0.00949957</delta>
<F>0.000210895</F>
<AccSAMS>0.125609</AccSAMS>
<AccMS>0.22882</AccMS>
<AccIndiv>0.0723037</AccIndiv>
<AccHyper>0.573819</AccHyper>
<Number>67000</Number>
</Iteration>
<Iteration>
<Pop>(LOG,XBF,CFHF_01,KTV,FMW)(CH116,L1S,WAV,MCCH_02,XCL,NOU,JPG,MPW,CAS,HMM,ALV,DGL,AVX,BDSN)(NAS)(MP_04,CH413,FLAC,GIW,BLM,MMN,DVD)</Pop>
<Posterior>-420057.69656263408251106739044189</Posterior>
<K>4</K>
<alpha>1</alpha>
<beta>1178.31</beta>
<delta>0.00668072</delta>
<F>0.000880528</F>
<AccSAMS>0.125482</AccSAMS>
<AccMS>0.228728</AccMS>
<AccIndiv>0.0723493</AccIndiv>
<AccHyper>0.573336</AccHyper>
<Number>68000</Number>
</Iteration>
<Iteration>
<Pop>(NAS,NOU)(LOG,XBF)(MCCH_02,DVD,ALV,WAV,XCL,MP_04,AVX,BLM,JPG,BDSN,KTV,L1S,GIW,CH116,CFHF_01,CAS,HMM,CH413,FMW,MMN,FLAC,MPW,DGL)</Pop>
<Posterior>-420055.45579057838767766952514648</Posterior>
<K>3</K>
<alpha>1</alpha>
<beta>848.806</beta>
<delta>0.00251307</delta>
<F>0.00122193</F>
<AccSAMS>0.125264</AccSAMS>
<AccMS>0.228534</AccMS>
<AccIndiv>0.0721528</AccIndiv>
<AccHyper>0.572456</AccHyper>
<Number>69000</Number>
</Iteration>
<Iteration>
<Pop>(NAS,BLM)(KTV,CFHF_01,XBF,LOG)(FLAC,MP_04,ALV,CAS,XCL,CH413,MCCH_02,JPG,NOU,FMW,MMN,MPW,WAV,DGL,GIW,AVX,DVD,CH116,BDSN,HMM,L1S)</Pop>
<Posterior>-420053.07538823853246867656707764</Posterior>
<K>3</K>
<alpha>1</alpha>
<beta>646.874</beta>
<delta>0.0288203</delta>
<F>0.00160277</F>
<AccSAMS>0.124856</AccSAMS>
<AccMS>0.228193</AccMS>
<AccIndiv>0.0721587</AccIndiv>
<AccHyper>0.57247</AccHyper>
<Number>70000</Number>
</Iteration>
<Iteration>
<Pop>(XBF,FMW,LOG,CFHF_01)(XCL,WAV,CH413,GIW,JPG,MCCH_02,MPW,CH116,MP_04,L1S,ALV,KTV,AVX,DVD,MMN,HMM,FLAC,DGL,NOU,CAS)(BDSN,BLM)(NAS)</Pop>
<Posterior>-420063.6011441213195212185382843</Posterior>
<K>4</K>
<alpha>1</alpha>
<beta>2601.84</beta>
<delta>0.0358156</delta>
<F>0.000398963</F>
<AccSAMS>0.124886</AccSAMS>
<AccMS>0.228251</AccMS>
<AccIndiv>0.0720412</AccIndiv>
<AccHyper>0.571942</AccHyper>
<Number>71000</Number>
</Iteration>
<Iteration>
<Pop>(NAS,BLM)(GIW)(NOU,CAS,LOG,BDSN,HMM,CH413,CH116,FMW,XCL,DVD)(KTV,XBF,CFHF_01)(ALV,WAV,MP_04)(MPW,AVX,DGL,MCCH_02,L1S,FLAC,JPG,MMN)</Pop>
<Posterior>-420071.33085728134028613567352295</Posterior>
<K>6</K>
<alpha>1</alpha>
<beta>6410.78</beta>
<delta>0.0130335</delta>
<F>0.000161959</F>
<AccSAMS>0.124669</AccSAMS>
<AccMS>0.22766</AccMS>
<AccIndiv>0.0718046</AccIndiv>
<AccHyper>0.5714</AccHyper>
<Number>72000</Number>
</Iteration>
<Iteration>
<Pop>(NAS)(NOU)(CFHF_01,DVD)(MPW,JPG,XCL,CAS,ALV,HMM,CH116,MCCH_02,BDSN,GIW,MMN)(XBF,FMW,LOG)(L1S,WAV,FLAC,AVX,CH413,KTV,BLM,MP_04,DGL)</Pop>
<Posterior>-420062.27107782068196684122085571</Posterior>
<K>6</K>
<alpha>1</alpha>
<beta>8802.47</beta>
<delta>0.0315151</delta>
<F>0.000117959</F>
<AccSAMS>0.124342</AccSAMS>
<AccMS>0.227199</AccMS>
<AccIndiv>0.0713557</AccIndiv>
<AccHyper>0.570455</AccHyper>
<Number>73000</Number>
</Iteration>
<Iteration>
<Pop>(DVD)(XBF,LOG,CFHF_01)(CH413,DGL,NAS)(ALV,MCCH_02,CAS,XCL,NOU,HMM,BDSN,MPW,GIW,JPG,CH116,L1S,KTV,MP_04,FLAC,WAV,AVX,MMN,BLM,FMW)</Pop>
<Posterior>-420059.33687847317196428775787354</Posterior>
<K>4</K>
<alpha>1</alpha>
<beta>2509.98</beta>
<delta>0.00608359</delta>
<F>0.000413559</F>
<AccSAMS>0.123697</AccSAMS>
<AccMS>0.226667</AccMS>
<AccIndiv>0.0712691</AccIndiv>
<AccHyper>0.57088</AccHyper>
<Number>74000</Number>
</Iteration>
<Iteration>
<Pop>(XBF,CFHF_01,LOG)(XCL,BDSN,ALV,CAS,HMM,MCCH_02,CH116,JPG,MPW)(NAS)(FLAC,MP_04,CH413,NOU,L1S,FMW,DVD,BLM,MMN,DGL,KTV,AVX,GIW,WAV)</Pop>
<Posterior>-420056.63173282856587320566177368</Posterior>
<K>4</K>
<alpha>1</alpha>
<beta>1144.49</beta>
<delta>0.00140275</delta>
<F>0.000906528</F>
<AccSAMS>0.123618</AccSAMS>
<AccMS>0.226259</AccMS>
<AccIndiv>0.0714779</AccIndiv>
<AccHyper>0.572294</AccHyper>
<Number>75000</Number>
</Iteration>
<Iteration>
<Pop>(FMW,WAV)(NOU,CFHF_01)(HMM,MP_04)(XBF,MMN,FLAC,L1S,MCCH_02,BLM,DVD,BDSN,NAS,CH413,CH116,JPG,LOG,DGL,KTV,ALV,XCL,CAS,AVX,MPW,GIW)</Pop>
<Posterior>-420067.68008152657421305775642395</Posterior>
<K>4</K>
<alpha>1</alpha>
<beta>1473.34</beta>
<delta>0.000432599</delta>
<F>0.000704333</F>
<AccSAMS>0.123382</AccSAMS>
<AccMS>0.22607</AccMS>
<AccIndiv>0.0712309</AccIndiv>
<AccHyper>0.572176</AccHyper>
<Number>76000</Number>
</Iteration>
<Iteration>
<Pop>(MP_04,KTV,WAV,FLAC)(JPG,CH116,GIW,FMW,HMM)(XBF,XCL,MMN,BDSN)(NAS,ALV,NOU,AVX,CAS,BLM,MPW,CFHF_01,DVD,MCCH_02,L1S,CH413,LOG,DGL)</Pop>
<Posterior>-420071.35571190842892974615097046</Posterior>
<K>4</K>
<alpha>1</alpha>
<beta>1051.18</beta>
<delta>0.000870381</delta>
<F>0.000986917</F>
<AccSAMS>0.123462</AccSAMS>
<AccMS>0.226818</AccMS>
<AccIndiv>0.0715997</AccIndiv>
<AccHyper>0.572511</AccHyper>
<Number>77000</Number>
</Iteration>
<Iteration>
<Pop>(WAV,BLM)(NOU,CFHF_01)(NAS,FLAC,MP_04,LOG,GIW,JPG,BDSN,DGL,CAS,DVD,MCCH_02,XCL,HMM,CH413,CH116,KTV,ALV,FMW,MPW,XBF,MMN,L1S,AVX)</Pop>
<Posterior>-420059.39727679436327889561653137</Posterior>
<K>3</K>
<alpha>1</alpha>
<beta>6435.25</beta>
<delta>0.000509403</delta>
<F>0.000161344</F>
<AccSAMS>0.123997</AccSAMS>
<AccMS>0.227252</AccMS>
<AccIndiv>0.0718372</AccIndiv>
<AccHyper>0.573358</AccHyper>
<Number>78000</Number>
</Iteration>
<Iteration>
<Pop>(DVD)(L1S,GIW)(FMW,AVX,WAV,KTV,FLAC,CFHF_01,XBF,LOG)(XCL,MPW,NOU,HMM,ALV,MMN,CH116,MCCH_02,BDSN,JPG,CAS)(BLM,CH413,MP_04,DGL,NAS)</Pop>
<Posterior>-420064.70468870567856356501579285</Posterior>
<K>5</K>
<alpha>1</alpha>
<beta>5506.03</beta>
<delta>0.00625693</delta>
<F>0.000188567</F>
<AccSAMS>0.123521</AccSAMS>
<AccMS>0.226652</AccMS>
<AccIndiv>0.07161</AccIndiv>
<AccHyper>0.57202</AccHyper>
<Number>79000</Number>
</Iteration>
<Iteration>
<Pop>(MMN,DGL,DVD,XCL,BDSN)(MPW,NAS,CH413,LOG,NOU,L1S,CFHF_01,KTV,BLM,FMW,FLAC,XBF,AVX,ALV,CAS,HMM,CH116,MP_04,GIW,WAV,MCCH_02,JPG)</Pop>
<Posterior>-420056.08230166672728955745697021</Posterior>
<K>2</K>
<alpha>1</alpha>
<beta>1496.64</beta>
<delta>0.012878</delta>
<F>0.000693375</F>
<AccSAMS>0.123777</AccSAMS>
<AccMS>0.226652</AccMS>
<AccIndiv>0.0713303</AccIndiv>
<AccHyper>0.572878</AccHyper>
<Number>80000</Number>
</Iteration>
<Iteration>
<Pop>(XBF,CFHF_01,KTV)(DVD,BLM,NAS)(MCCH_02,CAS,CH116,JPG,AVX,MMN,MPW,MP_04,LOG,FMW,DGL,GIW,FLAC,HMM,CH413,WAV,L1S,NOU,XCL,ALV,BDSN)</Pop>
<Posterior>-420055.12068179389461874961853027</Posterior>
<K>3</K>
<alpha>1</alpha>
<beta>943.575</beta>
<delta>0.000471189</delta>
<F>0.00109934</F>
<AccSAMS>0.123747</AccSAMS>
<AccMS>0.226824</AccMS>
<AccIndiv>0.0708297</AccIndiv>
<AccHyper>0.574723</AccHyper>
<Number>81000</Number>
</Iteration>
<Iteration>
<Pop>(NAS)(ALV)(LOG,FMW,XBF,CFHF_01,KTV)(MP_04,CH413,JPG,MMN,CH116,FLAC,CAS,DGL,BLM,GIW,WAV,L1S,XCL,HMM,MCCH_02,DVD,MPW,BDSN,NOU,AVX)</Pop>
<Posterior>-420055.99002858204767107963562012</Posterior>
<K>4</K>
<alpha>1</alpha>
<beta>4104.49</beta>
<delta>0.00399374</delta>
<F>0.00025294</F>
<AccSAMS>0.124381</AccSAMS>
<AccMS>0.227292</AccMS>
<AccIndiv>0.0705646</AccIndiv>
<AccHyper>0.574413</AccHyper>
<Number>82000</Number>
</Iteration>
<Iteration>
<Pop>(NAS)(BLM,HMM,WAV,LOG)(KTV,NOU,XBF,CFHF_01)(L1S)(MPW,CH116,DGL,MCCH_02,ALV,MP_04,BDSN,AVX,CH413,CAS,DVD,FMW,XCL,GIW,FLAC,MMN,JPG)</Pop>
<Posterior>-420065.73784724215511232614517212</Posterior>
<K>5</K>
<alpha>1</alpha>
<beta>2101.79</beta>
<delta>0.00902036</delta>
<F>0.000493837</F>
<AccSAMS>0.124427</AccSAMS>
<AccMS>0.227419</AccMS>
<AccIndiv>0.0707672</AccIndiv>
<AccHyper>0.57354</AccHyper>
<Number>83000</Number>
</Iteration>
<Iteration>
<Pop>(NAS)(LOG,CFHF_01,FMW,XBF,KTV)(NOU,BDSN,MCCH_02,MPW,DGL,CH116,L1S,ALV,XCL,JPG,MP_04,CH413,WAV,GIW,CAS,DVD,BLM,AVX,FLAC,HMM,MMN)</Pop>
<Posterior>-420052.39556242042453959584236145</Posterior>
<K>3</K>
<alpha>1</alpha>
<beta>183.779</beta>
<delta>0.00232193</delta>
<F>0.00561881</F>
<AccSAMS>0.12431</AccSAMS>
<AccMS>0.227986</AccMS>
<AccIndiv>0.0712529</AccIndiv>
<AccHyper>0.573977</AccHyper>
<Number>84000</Number>
</Iteration>
<Iteration>
<Pop>(CFHF_01,NOU,CAS,L1S,MP_04,MCCH_02,XCL,KTV,BLM,XBF,JPG,GIW,FLAC,BDSN,CH116,DVD,HMM,AVX,MPW,WAV,CH413,FMW,MMN,ALV,NAS,DGL,LOG)</Pop>
<Posterior>-420053.41412309656152501702308655</Posterior>
<K>1</K>
<alpha>1</alpha>
<beta>375.16</beta>
<delta>0.000535763</delta>
<F>0.00276039</F>
<AccSAMS>0.124593</AccSAMS>
<AccMS>0.22791</AccMS>
<AccIndiv>0.0714476</AccIndiv>
<AccHyper>0.573561</AccHyper>
<Number>85000</Number>
</Iteration>
<Iteration>
<Pop>(LOG,NAS,NOU)(MP_04,FMW,WAV,HMM,BLM)(CAS,MMN,BDSN,DVD,DGL,MCCH_02,ALV,KTV,FLAC,MPW,XBF,L1S,AVX,XCL,CH413,CH116,JPG,CFHF_01,GIW)</Pop>
<Posterior>-420057.82939965347759425640106201</Posterior>
<K>3</K>
<alpha>1</alpha>
<beta>3950.98</beta>
<delta>0.0135394</delta>
<F>0.000262766</F>
<AccSAMS>0.124818</AccSAMS>
<AccMS>0.228341</AccMS>
<AccIndiv>0.0718147</AccIndiv>
<AccHyper>0.575352</AccHyper>
<Number>86000</Number>
</Iteration>
<Iteration>
<Pop>(DVD,WAV,MP_04)(CFHF_01,NOU,FMW,CAS,XBF,LOG)(NAS)(XCL,BDSN,GIW,MPW,ALV,CH116,BLM,CH413,AVX,DGL,L1S,JPG,HMM,MMN,MCCH_02)(FLAC,KTV)</Pop>
<Posterior>-420066.83444610086735337972640991</Posterior>
<K>5</K>
<alpha>1</alpha>
<beta>4849.81</beta>
<delta>0.000930522</delta>
<F>0.000214076</F>
<AccSAMS>0.124394</AccSAMS>
<AccMS>0.227869</AccMS>
<AccIndiv>0.0717334</AccIndiv>
<AccHyper>0.575792</AccHyper>
<Number>87000</Number>
</Iteration>
<Iteration>
<Pop>(NAS)(AVX,DVD,CH413,FMW,MMN,GIW,FLAC)(DGL,WAV,BLM,MP_04)(KTV,XBF,CFHF_01,LOG)(JPG,HMM,CH116,NOU,ALV,CAS,XCL,L1S,BDSN,MCCH_02,MPW)</Pop>
<Posterior>-420056.64277856971602886915206909</Posterior>
<K>5</K>
<alpha>1</alpha>
<beta>2829.48</beta>
<delta>0.0111537</delta>
<F>0.000366877</F>
<AccSAMS>0.124004</AccSAMS>
<AccMS>0.227199</AccMS>
<AccIndiv>0.0713709</AccIndiv>
<AccHyper>0.575562</AccHyper>
<Number>88000</Number>
</Iteration>
<Iteration>
<Pop>(BLM,NAS)(WAV,LOG,HMM)(DGL,BDSN,MCCH_02,ALV,CAS,MMN,FMW,MP_04,MPW,JPG,XCL,KTV,NOU,FLAC,XBF,CH413,CH116,CFHF_01,L1S,GIW,DVD,AVX)</Pop>
<Posterior>-420061.37131299328757449984550476</Posterior>
<K>3</K>
<alpha>1</alpha>
<beta>1248.31</beta>
<delta>0.00211127</delta>
<F>0.000831196</F>
<AccSAMS>0.124318</AccSAMS>
<AccMS>0.228069</AccMS>
<AccIndiv>0.0713741</AccIndiv>
<AccHyper>0.576106</AccHyper>
<Number>89000</Number>
</Iteration>
<Iteration>
<Pop>(NAS)(DVD,MMN,GIW,CH413,L1S,MPW,XCL,HMM,CAS,ALV,MCCH_02,AVX,BDSN,WAV,MP_04,CH116,DGL,BLM,JPG)(FMW,LOG,FLAC,XBF,KTV,CFHF_01,NOU)</Pop>
<Posterior>-420050.63876861974131315946578979</Posterior>
<K>3</K>
<alpha>1</alpha>
<beta>1790.38</beta>
<delta>0.0080332</delta>
<F>0.000579681</F>
<AccSAMS>0.124536</AccSAMS>
<AccMS>0.227987</AccMS>
<AccIndiv>0.0712492</AccIndiv>
<AccHyper>0.576497</AccHyper>
<Number>90000</Number>
</Iteration>
<Iteration>
<Pop>(NAS)(LOG,XBF)(XCL,MPW,BDSN,MMN,FLAC,AVX,KTV,HMM,ALV,CFHF_01,DVD,CAS,MP_04,L1S,FMW,CH116,GIW,MCCH_02,NOU,WAV,JPG,CH413,DGL,BLM)</Pop>
<Posterior>-420054.56642922287574037909507751</Posterior>
<K>3</K>
<alpha>1</alpha>
<beta>615.031</beta>
<delta>0.00544314</delta>
<F>0.00168561</F>
<AccSAMS>0.124413</AccSAMS>
<AccMS>0.227518</AccMS>
<AccIndiv>0.0709751</AccIndiv>
<AccHyper>0.576857</AccHyper>
<Number>91000</Number>
</Iteration>
<Iteration>
<Pop>(GIW,DVD)(BLM,NAS,CH413)(WAV,AVX,L1S,HMM,MP_04,MMN,ALV,NOU,XCL,DGL,MCCH_02,CH116,MPW,JPG,FLAC,CAS,BDSN)(XBF,KTV,LOG,FMW,CFHF_01)</Pop>
<Posterior>-420056.41423450713045895099639893</Posterior>
<K>4</K>
<alpha>1</alpha>
<beta>3951.84</beta>
<delta>0.00417413</delta>
<F>0.000262708</F>
<AccSAMS>0.123873</AccSAMS>
<AccMS>0.227526</AccMS>
<AccIndiv>0.0707875</AccIndiv>
<AccHyper>0.577179</AccHyper>
<Number>92000</Number>
</Iteration>
<Iteration>
<Pop>(FMW)(NOU,BLM,MP_04,WAV,CH413,NAS)(KTV,FLAC,HMM,LOG,MMN,MCCH_02,DVD,CFHF_01,XBF,DGL,L1S,XCL,AVX,CAS,MPW,GIW,ALV,CH116,BDSN,JPG)</Pop>
<Posterior>-420063.29898535041138529777526855</Posterior>
<K>3</K>
<alpha>1</alpha>
<beta>7846</beta>
<delta>0.0154599</delta>
<F>0.000132337</F>
<AccSAMS>0.124287</AccSAMS>
<AccMS>0.227928</AccMS>
<AccIndiv>0.0707771</AccIndiv>
<AccHyper>0.576564</AccHyper>
<Number>93000</Number>
</Iteration>
<Iteration>
<Pop>(DVD,CFHF_01,BLM)(CH413,MCCH_02,MP_04,LOG,AVX,KTV,BDSN,CH116,HMM,NOU,DGL,NAS,WAV,MPW,XBF,JPG,ALV,XCL,CAS,L1S,FLAC)(FMW,MMN,GIW)</Pop>
<Posterior>-420069.23709325626259669661521912</Posterior>
<K>3</K>
<alpha>1</alpha>
<beta>828.827</beta>
<delta>0.00287294</delta>
<F>0.00125135</F>
<AccSAMS>0.124376</AccSAMS>
<AccMS>0.228009</AccMS>
<AccIndiv>0.0707667</AccIndiv>
<AccHyper>0.576638</AccHyper>
<Number>94000</Number>
</Iteration>
<Iteration>
<Pop>(DVD,MMN)(NAS,BLM,CH413,WAV)(NOU,FMW,KTV,XBF,CFHF_01)(MPW,BDSN,AVX,MP_04,XCL,HMM,GIW,L1S,MCCH_02,FLAC,DGL,JPG,LOG,ALV,CH116,CAS)</Pop>
<Posterior>-420057.69559335935628041625022888</Posterior>
<K>4</K>
<alpha>1</alpha>
<beta>3160.97</beta>
<delta>0.016819</delta>
<F>0.000328416</F>
<AccSAMS>0.123745</AccSAMS>
<AccMS>0.227708</AccMS>
<AccIndiv>0.0708262</AccIndiv>
<AccHyper>0.576193</AccHyper>
<Number>95000</Number>
</Iteration>
<Iteration>
<Pop>(NAS,CH413,BLM,MP_04,WAV)(KTV,FMW,LOG,DVD,FLAC,AVX,L1S,CFHF_01,DGL,XBF,MMN)(CAS,GIW,MCCH_02,XCL,JPG,CH116,HMM,BDSN,MPW,ALV,NOU)</Pop>
<Posterior>-420055.31367429299280047416687012</Posterior>
<K>3</K>
<alpha>1</alpha>
<beta>3251.59</beta>
<delta>0.0141893</delta>
<F>0.000319266</F>
<AccSAMS>0.123494</AccSAMS>
<AccMS>0.227141</AccMS>
<AccIndiv>0.0706663</AccIndiv>
<AccHyper>0.575407</AccHyper>
<Number>96000</Number>
</Iteration>
<Iteration>
<Pop>(NAS)(DVD)(MPW,ALV,CAS,CH116,DGL,HMM,JPG,XCL,MCCH_02,BDSN,GIW)(KTV,LOG,FLAC,XBF)(NOU,CFHF_01)(L1S,AVX,BLM,WAV,MP_04,FMW,CH413,MMN)</Pop>
<Posterior>-420064.05928962712641805410385132</Posterior>
<K>6</K>
<alpha>1</alpha>
<beta>3495.27</beta>
<delta>0.00112061</delta>
<F>0.000297014</F>
<AccSAMS>0.123348</AccSAMS>
<AccMS>0.227112</AccMS>
<AccIndiv>0.0705244</AccIndiv>
<AccHyper>0.57478</AccHyper>
<Number>97000</Number>
</Iteration>
<Iteration>
<Pop>(KTV,XBF,LOG,FLAC,CFHF_01)(DGL,CH413,DVD,WAV,AVX)(XCL,BDSN,HMM,FMW,CH116,MCCH_02,ALV,L1S,MMN,GIW,CAS,NOU,MPW,JPG)(MP_04,BLM,NAS)</Pop>
<Posterior>-420055.06244544533547013998031616</Posterior>
<K>4</K>
<alpha>1</alpha>
<beta>2939.39</beta>
<delta>0.0281113</delta>
<F>0.000353164</F>
<AccSAMS>0.123133</AccSAMS>
<AccMS>0.226591</AccMS>
<AccIndiv>0.0703867</AccIndiv>
<AccHyper>0.574329</AccHyper>
<Number>98000</Number>
</Iteration>
<Iteration>
<Pop>(NAS)(NOU,KTV,LOG,CFHF_01,FMW,XBF)(BLM)(MP_04,ALV,MMN,DVD,MCCH_02,CH413,GIW,MPW,HMM,CH116,DGL,JPG,AVX,CAS,BDSN,XCL,FLAC,WAV,L1S)</Pop>
<Posterior>-420053.75820087303873151540756226</Posterior>
<K>4</K>
<alpha>1</alpha>
<beta>1228.3</beta>
<delta>0.0191982</delta>
<F>0.000844726</F>
<AccSAMS>0.122306</AccSAMS>
<AccMS>0.226002</AccMS>
<AccIndiv>0.0702424</AccIndiv>
<AccHyper>0.574853</AccHyper>
<Number>99000</Number>
</Iteration>
<Iteration>
<Pop>(KTV,CFHF_01,FMW,XBF,LOG)(CH413,GIW,MMN)(AVX,MP_04,WAV,CAS,XCL,ALV,JPG,DGL,DVD,BDSN,BLM,MCCH_02,MPW,NOU,HMM,L1S,CH116,FLAC)(NAS)</Pop>
<Posterior>-420056.59212085645413026213645935</Posterior>
<K>4</K>
<alpha>1</alpha>
<beta>6673.68</beta>
<delta>0.0120173</delta>
<F>0.00015558</F>
<AccSAMS>0.122083</AccSAMS>
<AccMS>0.22572</AccMS>
<AccIndiv>0.0699161</AccIndiv>
<AccHyper>0.575309</AccHyper>
<Number>100000</Number>
</Iteration>
</outputFile>
